brand,avg_rating
62,61.0
MILD,5.0
VARTe,5.0
VIKING.INE,4.640000000000001
SORA,4.609459459459455
COL,4.55
Modest Ci,4.5
PixF,4.468922305764411
Cots,4.456357388316171
GYMBROTHE,4.407142857142857
Royalta,4.4
Ziko,4.4
JUARI BE A GENTLEM,4.4
Neon Ro,4.4
COOL CRU,4.4
LOUIS MONAR,4.3999999999999995
Bofri,4.366666666666667
Mega Sty,4.357142857142857
Zack Fo,4.354651162790697
Onei,4.302531645569618
Bracev,4.3
U.S. Polo Ass,4.3
ud fabr,4.3
Fresh Fe,4.299999999999999
Kt Kun,4.266666666666667
U.S.Polo As,4.23548387096774
Gracew,4.23118811881188
Aeload,4.225
limited colou,4.210169491525429
Truemo,4.204166666666668
ALQI,4.200000000000001
ANGI,4.2
MARATH,4.2
BOYT,4.2
Mohan Reta,4.2
Vibrant Vestu,4.1999999999999975
Marca Disa,4.1908235294117935
REEBOK CLASSI,4.158653846153848
veerutess landing sty,4.142857142857143
GLAUBEN PO,4.140000000000001
Wet Off Ho,4.14
INTER CREATI,4.137037037037038
ARBO,4.122860020140954
RodZ,4.115476190476196
Byford by Pantaloo,4.1129943502824915
U.s.Polo Associati,4.109803921568627
U.S. POLO ASS,4.109302325581395
Black Bull Design Stud,4.108823529411765
TOM BU,4.1006872852233665
LA SMI,4.1
Pramukhraj enterpri,4.1
fashion mu,4.1
DISCOUNT OUTL,4.085365853658539
Footprin,4.077272727272727
MODERN CR,4.074999999999999
M.R. FASHI,4.06179775280899
M7 By Metrona,4.048314606741575
GANTI,4.0473684210526315
Bindass Bo,4.03733333333333
Clo,4.03392857142857
G,4.029629629629629
REAZ,4.011764705882355
Tees Collecti,4.009090909090906
KPS Clothi,4.008888888888887
Mah,4.008219178082192
prani,4.007142857142857
adidas Origina,4.006557377049181
dream o,4.005479452054791
Pu,4.005371900826439
Adam Park,4.00450450450451
Mylifestylebazz,4.0
TEEF,4.0
Royal Ma,4.0
We,3.9875
KAY D,3.9853658536585375
RED TI,3.983333333333333
rockha,3.9603603603603634
SEVN,3.954347826086958
REEB,3.9521695257315903
Malt,3.95
NEVER LO,3.942857142857142
V3Squar,3.9375
Fuel Clothi,3.9366666666666688
Mountain colou,3.934558823529416
Scott Internation,3.9200757575757503
CLOTH,3.9200000000000004
Styleska,3.917999999999995
Sherr,3.9150000000000005
Asa,3.912698412698412
NEXT,3.9083333333333314
Free Authori,3.907040572792417
Mohr,3.905882352941175
Black Beat,3.90232142857141
Fashion Dre,3.9
A to Z life sty,3.9
Veer,3.9
TRA,3.9
Disn,3.8999999999999995
Platin,3.899999999999999
Almo We,3.899999999999999
Wildst,3.8959183673469346
HUMBE,3.888947368421046
A J STYL,3.8868131868131868
Vector,3.87149122807017
NEBRAS,3.8700000000000028
allan pet,3.861038961038962
AS Tre,3.8599999999999985
RELIEF ZO,3.8537190082644703
dunam,3.8499999999999996
ALMO,3.839999999999999
RODRI,3.8299999999999996
Honey Badg,3.8249999999999997
AXMA,3.823659305993672
Oka,3.8229007633587515
Keo,3.820359281437161
Jack Roy,3.8125
Bone,3.8086734693877524
Pol,3.807142857142862
Bra,3.8000000000000007
style acco,3.8000000000000003
Maitri Enterpri,3.8000000000000003
Och,3.8
K M,3.8
SIYA SHOPIVA,3.8
NEXXE,3.7999999999999994
SATDEVANGIKHADIBHAND,3.798499999999996
FLEXIM,3.7714285714285665
YOFA,3.766666666666667
M,3.766666666666667
Absolu,3.757894736842105
,3.7563128491619984
your shopping sto,3.75
Reen,3.75
Fresh fo,3.75
York,3.749999999999999
VIRALEE RETA,3.74375
Firstlau,3.733333333333333
Deepa FASHI,3.733333333333333
PRANE,3.733333333333333
MagMatri,3.730909090909092
ModeWa,3.728846153846154
Fashma,3.7249999999999996
Jai Textil,3.722448979591835
ECOLINE Clothi,3.714285714285718
The Dry Ca,3.710526315789473
The Arch,3.709090909090909
Lafant,3.7016393442622944
FOREVER YOU,3.7014492753623207
Vins,3.7
PD LEATH,3.7
Steenb,3.694170403587456
Sharar,3.6925925925925913
Solid Styl,3.6885714285714286
J,3.684615384615385
Natali Trade,3.675
TakeInCa,3.6666666666666665
RBSO,3.663636363636364
CANTAB,3.656976744186045
Paridhanlok Onli,3.656097560975612
INSPI,3.65
NewJainTrade,3.65
GOT,3.6400000000000006
Szto,3.6333333333333333
TE,3.625
VOXA,3.6228758169934654
Shoef,3.6164804469273713
Inspi,3.6101265822784803
Simon Rob,3.608
Country h,3.6000000000000005
mark morp,3.6000000000000005
ThunderLo,3.6
stockhawke,3.6
Kno,3.6
SayItLo,3.596875000000002
Naaz Collectio,3.590909090909091
YOGA,3.586666666666667
LDHSA,3.584105960264899
Blue Sha,3.58
REF,3.5747126436781618
ATTIITU,3.5666666666666518
oysho,3.56
FABUNIFOR,3.5555555555555554
V,3.553900709219855
JACK AND HAR,3.5487068965517334
R,3.5307692307692315
True Bl,3.529107505070956
EYETWIST,3.527272727272727
CupidSto,3.5254437869822564
A2Z QUALITY GROU,3.5181818181818185
ertugrul ghazi c,3.5039999999999987
fas,3.5
FITLETH,3.5
PEEP,3.5
shivisaa,3.5
Wab,3.4830188679245286
LIVST,3.477272727272726
ATHL,3.4640264026402523
Dex,3.46
ProUrb,3.4599999999999995
SUR,3.4521126760563354
Breakboun,3.431954887218029
Amp,3.4140096618357867
Ravil,3.400000000000002
ABC ANY BUDY CLE,3.400000000000001
KRV,3.4
ARBIA FUN,3.4
Welwe,3.382456140350877
TSHIRT.ind.,3.38
Jagdish Garmen,3.375
Uber Urb,3.3705882352941146
Lucky Bi,3.3670157068062925
Reliable Ca,3.3666666666666663
PIX,3.3649999999999998
Boan Boan,3.3599999999999994
IFG Collecti,3.357142857142857
DiscountZila Fashi,3.3529411764705888
EverLa,3.3519999999999985
FancyW,3.3437499999999973
Dudli,3.329692832764496
yellowvib,3.3271457085828566
Urban D,3.320447284345035
Thug Li,3.3125
vims rai,3.304761904761921
wangjia,3.3
Royalty Retail And Expo,3.2999999999999985
SPANCA,3.233333333333333
MASH UNLIMIT,3.225116279069773
Mo,3.216292134831452
Musk,3.2
BS S,3.2
Jaso,3.2
Zen,3.2
Wadhaw,3.2
UGAM FASHI,3.2
East I,3.1999999999999935
Crocks Cl,3.1937984496124026
Purple Sta,3.1831081081081014
Lucky Rog,3.1283464566929142
Cher,3.10952380952381
discov,3.1
Man,3.0947368421052635
TEE BUD,3.05994962216626
Pramukhraj Enterpri,3.05
TeeMoo,3.0442105263157893
WILD,3.0399999999999996
A,3.0354260089686047
Indian M,3.0
She,3.0
PROLI,3.0
Lev,2.957264957264953
chawla fashi,2.9414847161572
K,2.915217391304348
US,2.9
Fa,2.9
Allwin,2.9
Musta,2.8999999999999995
GLO,2.8000000000000043
virl,2.8
STU,2.7999999999999994
Fairdea,2.7753846153846276
Rose We,2.7506666666666604
Fesn,2.7227272727272736
ECKO Unl,2.7049946865037193
AMZKA,2.6999999999999997
saltla,2.6857142857142833
C,2.675
T10 Spor,2.643109540636035
Mett,2.6074509803921604
BlankLe,2.6
jspcso,2.6
HaltonHil,2.5734693877551034
ZIP,2.5153846153846158
E,2.5
Elegant Appar,2.5
shiwam ethn,2.5
Ximi Vog,2.4
Divi Divi,2.4
SMART ATTRACTI,2.3888888888888893
ta,2.3
Sketch Vib,2.2999999999999985
TRANSPERAN,2.2
Lafabriquei,2.05
shree khodaldh,2.0
shil,2.0
ShreeR,1.899999999999999
CA,1.7854651162790636
VRAJCREATI,1.6
K J TRADE,1.3
SHTFEGPMHZQC47HR,
"[{'Sales Package': '1 raincoat'}, {'Fabric Care': 'Cold Water Wash Only'}, {'Sleeve': 'Full Sleeve'}, {'Closure': 'Zipper'}, {'Type': 'Rain Coat'}, {'Fabric': 'Polyester'}, {'Color': 'Black'}, {'Pattern': 'Solid'}, {'Style Code': 'waterproof'}, {'Other Details': 'Made of tough polyester fabric fully seam-sealed at every joint completely waterproof | The jacket features an adjustable hood with a Full front zipper. The pant features an elastic waist and a straight-leg design. Pockets on jackets both sides with flaps on them | Lightweight and packable design making it easy to pack carry, great to carry everywhere | Stylish, efficient, comfortable take on protecting you from the wet windy weather | VERSATILE FIT: rain jacket pant feature a timeless, versatile fit for rainy-day wear.'}, {'Generic Name': 'Raincoat'}, {'Country of Origin': 'India'}]",
SHTFCTH97CGZ2GFP,
"[{'Type': 'Round Neck'}, {'Sleeve': 'Sleeveless'}, {'Fit': 'Regular'}, {'Fabric': 'Cotton Blend'}, {'Pack of': '1'}, {'Style Code': 'A1802-25A'}, {'Neck Type': 'Round Neck'}, {'Ideal For': 'Men'}, {'Size': 'M'}, {'Pattern': 'Printed'}, {'Suitable For': 'Western Wear'}, {'Brand Fit': 'Regular'}, {'Reversible': 'No'}, {'Secondary Color': 'Black'}, {'Fabric Care': 'Gentle Machine Wash, Do not dry clean'}, {'Brand Color': 'White'}, {'Generic Name': 'T Shirts'}, {'Country of Origin': 'India'}]",
"[{'Type': 'Round Neck'}, {'Sleeve': 'Short Sleeve'}, {'Fit': 'Regular'}, {'Fabric': 'Cotton Blend'}, {'Pack of': '1'}, {'Style Code': 'FM3772'}, {'Neck Type': 'Round Neck'}, {'Ideal For': 'Men'}, {'Size': 'XXL'}, {'Pattern': 'Solid'}, {'Suitable For': 'Western Wear'}, {'Brand Fit': 'Regular'}, {'Reversible': 'No'}, {'Secondary Color': 'White'}, {'Fabric Care': 'Machine wash as per tag'}, {'Other Details': 'Striped Detail at Sleeve'}, {'Model Name': '3-STRIPES TEE'}, {'Brand Color': 'NMARIN'}]",
"[{'Pack of': '1'}, {'Style Code': 'h/s-C'}, {'Closure': 'Button'}, {'Fit': 'Slim'}, {'Fabric': 'Cotton Linen Blend'}, {'Sleeve': 'Half Sleeve'}, {'Pattern': 'Solid'}, {'Reversible': 'No'}, {'Collar': 'Spread'}, {'Color': 'Black'}, {'Fabric Care': 'Regular Machine Wash'}, {'Suitable For': 'Western Wear'}, {'Other Details': '100% Cotton Shirt Half-Sleeves Shirt'}, {'Generic Name': 'Shirt'}, {'Country of Origin': 'India'}]",
TSHFXEZFYZ5FEGUY,
SHTFB7Z4ZQC2ACCZ,
"that you can pull out anytime for a decent or hunky look matching up to all the trends in the fashion world.\"",
"[{'Pack of': '1'}, {'Style Code': 'Men Regular Fit Solid Button Down Collar Formal Shirt'}, {'Fit': 'Regular'}, {'Fabric': 'Pure Cotton'}, {'Sleeve': 'Full Sleeve'}, {'Pattern': 'Solid'}, {'Reversible': 'No'}, {'Collar': 'Button Down'}, {'Color': 'Purple'}, {'Fabric Care': 'Regular Machine Wash'}, {'Suitable For': 'Western Wear'}]",
"[{'Pack of': '1'}, {'Style Code': 'h/s-D'}, {'Closure': 'Button'}, {'Fit': 'Slim'}, {'Fabric': 'Cotton Linen Blend'}, {'Sleeve': 'Half Sleeve'}, {'Pattern': 'Solid'}, {'Reversible': 'No'}, {'Collar': 'Spread'}, {'Color': 'Pink'}, {'Fabric Care': 'Regular Machine Wash'}, {'Suitable For': 'Western Wear'}, {'Hem': 'Straight'}, {'Other Details': '100% Cotton Shirt Half-Sleeves Shirt'}, {'Generic Name': 'Shirt'}, {'Country of Origin': 'India'}]",
TSHFFXYJG2BSKSV9,
"[{'Type': 'Round Neck'}, {'Sleeve': 'Short Sleeve'}, {'Fit': 'Regular'}, {'Fabric': 'Cotton Blend'}, {'Pack of': '1'}, {'Style Code': 'A1802-16C'}, {'Neck Type': 'Round Neck'}, {'Ideal For': 'Men'}, {'Size': 'M'}, {'Pattern': 'Typography'}, {'Suitable For': 'Western Wear'}, {'Brand Fit': 'Regular'}, {'Reversible': 'No'}, {'Secondary Color': 'Black'}, {'Fabric Care': 'Gentle Machine Wash, Do not dry clean'}, {'Brand Color': 'Dark Grey'}, {'Generic Name': 'T Shirts'}, {'Country of Origin': 'India'}]",
SRTFWKQJNH6MMAHH,
'https://rukminim1.flixcart.com/image/128/128/shoe/w/j/w/black-silver-dynamic-vector-x-8-original-imadqphwsfpqzqjq.jpeg?q=70',
"[{'Type': 'Round Neck'}, {'Sleeve': 'Half Sleeve'}, {'Fit': 'Regular'}, {'Fabric': 'Cotton Blend'}, {'Sales Package': '2 T SHIRTS'}, {'Pack of': '2'}, {'Style Code': 'WR'}, {'Neck Type': 'Round Neck'}, {'Ideal For': 'Men'}, {'Size': 'S'}, {'Pattern': 'Solid'}, {'Suitable For': 'Western Wear'}, {'Brand Fit': 'REGULAR'}, {'Fabric Care': 'Regular Machine Wash'}, {'Brand Color': 'WHITE RED'}]",
"[{'Type': 'Round Neck'}, {'Sleeve': 'Sleeveless'}, {'Fit': 'Regular'}, {'Fabric': 'Cotton Blend'}, {'Pack of': '1'}, {'Style Code': 'A1802-20A'}, {'Neck Type': 'Round Neck'}, {'Ideal For': 'Men'}, {'Size': 'L'}, {'Pattern': 'Solid'}, {'Suitable For': 'Western Wear'}, {'Brand Fit': 'Regular'}, {'Reversible': 'No'}, {'Secondary Color': 'Black'}, {'Fabric Care': 'Gentle Machine Wash, Do not dry clean'}, {'Brand Color': 'White'}, {'Generic Name': 'T Shirts'}, {'Country of Origin': 'India'}]",
"[{'Type': 'Round Neck'}, {'Sleeve': 'Sleeveless'}, {'Fit': 'Regular'}, {'Fabric': 'Cotton Blend'}, {'Pack of': '1'}, {'Style Code': 'A1802-21C'}, {'Neck Type': 'Round Neck'}, {'Ideal For': 'Men'}, {'Size': 'M'}, {'Pattern': 'Graphic Print'}, {'Suitable For': 'Western Wear'}, {'Brand Fit': 'Regular'}, {'Reversible': 'No'}, {'Secondary Color': 'Black'}, {'Fabric Care': 'Gentle Machine Wash, Do not dry clean'}, {'Brand Color': 'Dark Grey'}, {'Generic Name': 'T Shirts'}, {'Country of Origin': 'India'}]",
"[{'Type': 'Round Neck'}, {'Sleeve': 'Sleeveless'}, {'Fit': 'Regular'}, {'Fabric': 'Cotton Blend'}, {'Pack of': '1'}, {'Style Code': 'A1802-25D'}, {'Neck Type': 'Round Neck'}, {'Ideal For': 'Men'}, {'Size': 'M'}, {'Pattern': 'Printed'}, {'Suitable For': 'Western Wear'}, {'Brand Fit': 'Regular'}, {'Reversible': 'No'}, {'Secondary Color': 'Black'}, {'Fabric Care': 'Gentle Machine Wash, Do not dry clean'}, {'Brand Color': 'Light Grey'}, {'Generic Name': 'T Shirts'}, {'Country of Origin': 'India'}]",
TSHFG29METVWDWZQ,
False,
"[{'Pack of': '1'}, {'Style Code': 'h/s-B'}, {'Closure': 'Button'}, {'Fit': 'Slim'}, {'Fabric': 'Cotton Linen Blend'}, {'Sleeve': 'Half Sleeve'}, {'Pattern': 'Solid'}, {'Reversible': 'No'}, {'Collar': 'Spread'}, {'Color': 'Red'}, {'Fabric Care': 'Regular Machine Wash'}, {'Suitable For': 'Western Wear'}, {'Other Details': '100% Cotton Shirt Half-Sleeves Shirt'}, {'Generic Name': 'Shirt'}, {'Country of Origin': 'India'}]",
"[{'Pack of': '1'}, {'Style Code': 'C44-7'}, {'Closure': 'Button'}, {'Fit': 'Slim'}, {'Fabric': 'Cotton Blend'}, {'Sleeve': 'Full Sleeve'}, {'Pattern': 'Solid'}, {'Reversible': 'No'}, {'Collar': 'Spread'}, {'Color': 'Blue'}, {'Fabric Care': 'Gentle Machine Wash'}, {'Suitable For': 'Western Wear'}, {'Other Details': '100% Cotton Shirt'}, {'Generic Name': 'Shirt'}, {'Country of Origin': 'India'}]",
"[{'Type': 'Round Neck'}, {'Sleeve': 'Sleeveless'}, {'Fit': 'Regular'}, {'Fabric': 'Cotton Blend'}, {'Pack of': '1'}, {'Style Code': 'A1802-22C'}, {'Neck Type': 'Round Neck'}, {'Ideal For': 'Men'}, {'Size': 'M'}, {'Pattern': 'Printed'}, {'Suitable For': 'Western Wear'}, {'Brand Fit': 'Regular'}, {'Reversible': 'No'}, {'Secondary Color': 'Black'}, {'Fabric Care': 'Gentle Machine Wash, Do not dry clean'}, {'Brand Color': 'Dark Grey'}, {'Generic Name': 'T Shirts'}, {'Country of Origin': 'India'}]",
SHTFEGNZKGZY5FZZ,
"[{'Type': 'Round Neck'}, {'Sleeve': 'Short Sleeve'}, {'Fit': 'Regular'}, {'Fabric': 'Cotton Blend'}, {'Pack of': '1'}, {'Style Code': 'A1805-02B'}, {'Neck Type': 'Round Neck'}, {'Ideal For': 'Men'}, {'Size': 'M'}, {'Pattern': 'Printed'}, {'Suitable For': 'Western Wear'}, {'Brand Fit': 'Regular'}, {'Reversible': 'No'}, {'Secondary Color': 'White'}, {'Fabric Care': 'Gentle Machine Wash, Do not dry clean'}, {'Brand Color': 'Jet Black'}, {'Generic Name': 'T Shirts'}, {'Country of Origin': 'India'}]",
"'https://rukminim1.flixcart.com/image/128/128/trouser/r/2/4/boonsblue-1-breakbounce-32-original-imadrd3cmgppzym9.jpeg?q=70']\"",
"\"[{'Pack of': '1'}, {'Model Name': \"\"Men's Solid Half-Sleeves\"\"}",
"[{'Pack of': '1'}, {'Style Code': 'skyblue-b'}, {'Closure': 'Button'}, {'Fit': 'Slim'}, {'Fabric': 'Cotton Blend'}, {'Sleeve': 'Full Sleeve'}, {'Pattern': 'Solid'}, {'Reversible': 'No'}, {'Collar': 'Spread'}, {'Color': 'Blue'}, {'Fabric Care': 'Gentle Machine Wash'}, {'Suitable For': 'Western Wear'}, {'Other Details': '100% Pure Cotton'}, {'Generic Name': 'Shirt'}, {'Country of Origin': 'India'}]",
"[{'Type': 'Round Neck'}, {'Sleeve': 'Half Sleeve'}, {'Fit': 'Regular'}, {'Fabric': 'Cotton Blend'}, {'Pack of': '1'}, {'Style Code': '003'}, {'Neck Type': 'Round Neck'}, {'Ideal For': 'Men'}, {'Size': 'XXL'}, {'Pattern': 'Printed'}, {'Suitable For': 'Western Wear'}, {'Brand Fit': 'Medium'}, {'Sleeve Type': 'Narrow'}, {'Reversible': 'No'}, {'Fabric Care': 'Do not Iron on print/embroidery/embellishment, Reverse and dry, Hand wash'}, {'Brand Color': 'Cool Blue'}, {'Generic Name': 'T Shirts'}, {'Country of Origin': 'India'}]",
"and waistband with belt loops. These Levis jeans will have you looking and feeling your best.  Rock them with trainers and a light jacket and enjoy a nice stroll around the park.\"",
SHTFEGNQ7NSNA99D,
"[{'Type': 'Round Neck'}, {'Sleeve': 'Short Sleeve'}, {'Fit': 'Regular'}, {'Fabric': 'Cotton Blend'}, {'Pack of': '1'}, {'Style Code': 'A1802-16A'}, {'Neck Type': 'Round Neck'}, {'Ideal For': 'Men'}, {'Size': 'M'}, {'Pattern': 'Typography'}, {'Suitable For': 'Western Wear'}, {'Brand Fit': 'Regular'}, {'Reversible': 'No'}, {'Secondary Color': 'Black'}, {'Fabric Care': 'Gentle Machine Wash, Do not dry clean'}, {'Brand Color': 'Bright White'}, {'Generic Name': 'T Shirts'}, {'Country of Origin': 'India'}]",
TSHFFXYJRGVRYMHN,
SRTFWR8JEST82XFE,
SHTFEGPMXNAJFC62,
"[{'Style Code': 'A1803-02A'}, {'Ideal For': 'Men'}, {'Suitable For': 'Western Wear'}, {'Pack Of': '1'}, {'Pocket Type': 'Curved Pocket'}, {'Pattern': 'Solid'}, {'Reversible': 'No'}, {'Closure': 'Button, Zip'}, {'Fabric': 'Cotton Blend'}, {'Faded': 'Heavy Fade'}, {'Rise': 'Mid Rise'}, {'Distressed': 'Clean Look'}, {'Stretchable': 'Yes'}, {'Color': 'Grey'}, {'Fly': 'Zipper'}, {'Secondary Color': 'Grey'}, {'Fabric Care': 'Do not bleach'}, {'Generic Name': 'Jeans'}, {'Country of Origin': 'India'}]",
"['https://rukminim1.flixcart.com/image/128/128/jwzabgw0/t-shirt/t/m/m/m-mtshs-2012-1-navyblue-sayitloud-original-imafhjz7vtjyzqgq.jpeg?q=70', 'https://rukminim1.flixcart.com/image/128/128/jwzabgw0/t-shirt/t/m/m/m-mtshs-2012-1-navyblue-sayitloud-original-imafhjz7j8du23wn.jpeg?q=70', 'https://rukminim1.flixcart.com/image/128/128/jwzabgw0/t-shirt/t/m/m/m-mtshs-2012-1-navyblue-sayitloud-original-imafhjz7fbkcj4yz.jpeg?q=70', 'https://rukminim1.flixcart.com/image/128/128/jwzabgw0/t-shirt/t/m/m/m-mtshs-2012-1-navyblue-sayitloud-original-imafhjz7hfhzyhvr.jpeg?q=70']",
"[{'Type': 'Round or Crew'}, {'Sleeve': 'Half Sleeve'}, {'Fit': 'Regular'}, {'Fabric': 'Cotton Blend'}, {'Sales Package': '2 T SHIRTS'}, {'Pack of': '2'}, {'Style Code': 'WG'}, {'Neck Type': 'Round or Crew'}, {'Ideal For': 'Men'}, {'Size': 'L'}, {'Pattern': 'Solid'}, {'Suitable For': 'Western Wear'}, {'Brand Fit': 'REGULAR'}, {'Fabric Care': 'Regular Machine Wash'}, {'Brand Color': 'WHITE GREY'}]",
"\"[{'Pack of': '1'}, {'Model Name': \"\"Men's Mandarin With Lupi Shirt\"\"}",
"[{'Type': 'Round Neck'}, {'Sleeve': 'Sleeveless'}, {'Fit': 'Regular'}, {'Fabric': 'Cotton Blend'}, {'Pack of': '1'}, {'Style Code': 'A1802-22A'}, {'Neck Type': 'Round Neck'}, {'Ideal For': 'Men'}, {'Size': 'L'}, {'Pattern': 'Printed'}, {'Suitable For': 'Western Wear'}, {'Brand Fit': 'Regular'}, {'Reversible': 'No'}, {'Secondary Color': 'White'}, {'Fabric Care': 'Gentle Machine Wash, Do not dry clean'}, {'Brand Color': 'White'}, {'Generic Name': 'T Shirts'}, {'Country of Origin': 'India'}]",
"[{'Type': 'Round Neck'}, {'Sleeve': 'Half Sleeve'}, {'Fit': 'Regular'}, {'Fabric': 'Cotton Blend'}, {'Sales Package': '1 T Shirt'}, {'Pack of': '1'}, {'Style Code': 'A1603-14A'}, {'Neck Type': 'Round Neck'}, {'Ideal For': 'Men'}, {'Size': 'M'}, {'Pattern': 'Graphic Print'}, {'Suitable For': 'Western Wear'}, {'Brand Fit': 'Slim Fit'}, {'Fabric Care': 'Machine Wash'}, {'Brand Color': 'White'}]",
SHTFEGPHFMGE6GKT,
SHTFEGPMZZWWQJ7A,
SRTFWKQJ97ZY9WRF,
TSHFFYTQNA9CXMTZ,
TSHFG29M3NYBE2MN,
"[{'Pack of': '1'}, {'Style Code': 'C44-6'}, {'Closure': 'Button'}, {'Fit': 'Regular'}, {'Fabric': 'Cotton Blend'}, {'Sleeve': 'Full Sleeve'}, {'Pattern': 'Solid'}, {'Reversible': 'No'}, {'Collar': 'Spread'}, {'Color': 'Maroon'}, {'Fabric Care': 'Gentle Machine Wash'}, {'Suitable For': 'Western Wear'}, {'Hem': 'Straight'}, {'Other Details': '100% Cotton Shirt'}, {'Generic Name': 'Shirt'}, {'Country of Origin': 'India'}]",
TSHFXEYYNCCGHMBK,
"[{'Type': 'Round Neck'}, {'Sleeve': 'Sleeveless'}, {'Fit': 'Regular'}, {'Fabric': 'Cotton Blend'}, {'Pack of': '1'}, {'Style Code': 'A1802-22B'}, {'Neck Type': 'Round Neck'}, {'Ideal For': 'Men'}, {'Size': 'M'}, {'Pattern': 'Printed'}, {'Suitable For': 'Western Wear'}, {'Brand Fit': 'Regular'}, {'Reversible': 'No'}, {'Secondary Color': 'White'}, {'Fabric Care': 'Gentle Machine Wash, Do not dry clean'}, {'Brand Color': 'Jet Black'}, {'Generic Name': 'T Shirts'}, {'Country of Origin': 'India'}]",
"['https://rukminim1.flixcart.com/image/128/128/jqo3b0w0/shirt/9/w/g/xl-6048-dudlind-original-imafcn45bez5tzpz.jpeg?q=70', 'https://rukminim1.flixcart.com/image/128/128/jqo3b0w0/shirt/9/w/g/xl-6048-dudlind-original-imafcn457urhjmyb.jpeg?q=70', 'https://rukminim1.flixcart.com/image/128/128/jqo3b0w0/shirt/9/w/g/xl-6048-dudlind-original-imafcn4564eqraxs.jpeg?q=70', 'https://rukminim1.flixcart.com/image/128/128/jqo3b0w0/shirt/9/w/g/xxl-6048-dudlind-original-imafcn45cfmfx9zh.jpeg?q=70', 'https://rukminim1.flixcart.com/image/128/128/js7th8w0/shirt/q/p/c/42-6048-6051-dudlind-original-imafcn45hppzrjk2.jpeg?q=70', 'https://rukminim1.flixcart.com/image/128/128/jqo3b0w0/shirt/9/w/g/xl-6048-dudlind-original-imafcn45hfrqzsdj.jpeg?q=70']",
"[{'Type': 'Round Neck'}, {'Sleeve': 'Short Sleeve'}, {'Fit': 'Regular'}, {'Fabric': 'Cotton Blend'}, {'Pack of': '1'}, {'Style Code': 'A1805-01A'}, {'Neck Type': 'Round Neck'}, {'Ideal For': 'Men'}, {'Size': 'M'}, {'Pattern': 'Typography'}, {'Suitable For': 'Western Wear'}, {'Brand Fit': 'Regular'}, {'Reversible': 'No'}, {'Secondary Color': 'Black'}, {'Fabric Care': 'Gentle Machine Wash, Do not dry clean'}, {'Brand Color': 'White'}, {'Generic Name': 'T Shirts'}, {'Country of Origin': 'India'}]",
"[{'Pack of': '1'}, {'Style Code': 'h/s-A'}, {'Closure': 'Button'}, {'Fit': 'Slim'}, {'Fabric': 'Cotton Linen Blend'}, {'Sleeve': 'Half Sleeve'}, {'Pattern': 'Solid'}, {'Reversible': 'No'}, {'Collar': 'Spread'}, {'Color': 'Dark Blue'}, {'Fabric Care': 'Regular Machine Wash'}, {'Suitable For': 'Western Wear'}, {'Other Details': '100% Cotton Shirt Half-Sleeves Shirt'}, {'Generic Name': 'Shirt'}, {'Country of Origin': 'India'}]",
SHTFEGPHHJBGSVHE,
"[{'Style Code': 'A1803-03C'}, {'Ideal For': 'Men'}, {'Suitable For': 'Western Wear'}, {'Pack Of': '1'}, {'Pocket Type': 'Coin Pocket, Curved Pocket'}, {'Pattern': 'Washed'}, {'Reversible': 'No'}, {'Closure': 'Button, Zip'}, {'Fabric': 'Cotton Blend'}, {'Faded': 'Heavy Fade'}, {'Rise': 'Mid Rise'}, {'Distressed': 'Clean Look'}, {'Stretchable': 'Yes'}, {'Color': 'Grey'}, {'Fly': 'Zipper'}, {'Secondary Color': 'Grey'}, {'Fabric Care': 'Do not bleach'}, {'Generic Name': 'Jeans'}, {'Country of Origin': 'India'}]",
"[{'Type': 'Round Neck'}, {'Sleeve': 'Half Sleeve'}, {'Fit': 'Regular'}, {'Fabric': 'Cotton Blend'}, {'Pack of': '2'}, {'Style Code': 'GR'}, {'Neck Type': 'Round Neck'}, {'Ideal For': 'Men'}, {'Size': 'S'}, {'Pattern': 'Solid'}, {'Suitable For': 'Western Wear'}, {'Brand Fit': 'REGULAR'}, {'Fabric Care': 'Regular Machine Wash'}, {'Brand Color': 'GREY RED'}]",
"[{'Pack of': '1'}, {'Style Code': 'Men Regular Fit Solid Button Down Collar Formal Shirt'}, {'Fit': 'Regular'}, {'Fabric': 'Pure Cotton'}, {'Sleeve': 'Full Sleeve'}, {'Pattern': 'Solid'}, {'Reversible': 'No'}, {'Collar': 'Button Down'}, {'Color': 'Green'}, {'Fabric Care': 'Regular Machine Wash'}, {'Suitable For': 'Western Wear'}]",
SHTFENY2AZHBHGW5,
"Western Wear\"",
"[{'Pack of': '1'}, {'Style Code': 'h/s-F'}, {'Closure': 'Button'}, {'Fit': 'Slim'}, {'Fabric': 'Cotton Linen Blend'}, {'Sleeve': 'Half Sleeve'}, {'Pattern': 'Solid'}, {'Reversible': 'No'}, {'Collar': 'Spread'}, {'Color': 'Blue'}, {'Fabric Care': 'Regular Machine Wash'}, {'Suitable For': 'Western Wear'}, {'Other Details': '100% Cotton Shirt Half-Sleeves Shirt'}, {'Generic Name': 'Shirt'}, {'Country of Origin': 'India'}]",
SHTFCTH9FUWT5GCU,
"[{'Type': 'Round Neck'}, {'Sleeve': 'Sleeveless'}, {'Fit': 'Regular'}, {'Fabric': 'Cotton Blend'}, {'Pack of': '1'}, {'Style Code': 'A1802-25C'}, {'Neck Type': 'Round Neck'}, {'Ideal For': 'Men'}, {'Size': 'L'}, {'Pattern': 'Printed'}, {'Suitable For': 'Western Wear'}, {'Brand Fit': 'Regular'}, {'Reversible': 'No'}, {'Secondary Color': 'Black'}, {'Fabric Care': 'Gentle Machine Wash, Do not dry clean'}, {'Brand Color': 'Dark Grey'}, {'Generic Name': 'T Shirts'}, {'Country of Origin': 'India'}]",
"[{'Type': 'Round Neck'}, {'Sleeve': 'Sleeveless'}, {'Fit': 'Regular'}, {'Fabric': 'Cotton Blend'}, {'Pack of': '1'}, {'Style Code': 'A1802-21B'}, {'Neck Type': 'Round Neck'}, {'Ideal For': 'Men'}, {'Size': 'M'}, {'Pattern': 'Graphic Print'}, {'Suitable For': 'Western Wear'}, {'Brand Fit': 'Regular'}, {'Reversible': 'No'}, {'Secondary Color': 'White'}, {'Fabric Care': 'Gentle Machine Wash, Do not dry clean'}, {'Brand Color': 'Jet Black'}, {'Generic Name': 'T Shirts'}, {'Country of Origin': 'India'}]",
SHTFEGPMGKDZBP8F,
SHTFCTH9K75FFGWC,
"[{'Type': 'Polo Neck'}, {'Sleeve': 'Half Sleeve'}, {'Fit': 'Regular'}, {'Fabric': 'Cotton Blend'}, {'Sales Package': '1 T Shirt'}, {'Pack of': '1'}, {'Style Code': 'AX-09-B'}, {'Neck Type': 'Polo Neck'}, {'Ideal For': 'Men'}, {'Size': 'S'}, {'Pattern': 'Striped'}, {'Suitable For': 'Western Wear'}, {'Brand Fit': 'Regular'}, {'Sleeve Type': 'Narrow'}, {'Fabric Care': 'Regular Machine Wash, Do not Iron on print/embroidery/embellishment, Reverse and dry, Do not tumble dry, Dry in shade, Do not dry clean'}, {'Brand Color': 'Blue'}]",
"['https://rukminim1.flixcart.com/image/128/128/jx257680/t-shirt/7/y/s/m-etshs-2011-1-white-sayitloud-original-imafhh8wcumpzhm7.jpeg?q=70', 'https://rukminim1.flixcart.com/image/128/128/jx257680/t-shirt/7/y/s/xxl-etshs-2011-1-white-sayitloud-original-imafhh8wdzhc3ymw.jpeg?q=70', 'https://rukminim1.flixcart.com/image/128/128/jx257680/t-shirt/7/y/s/l-etshs-2011-1-white-sayitloud-original-imafhh8w6c3np4d2.jpeg?q=70', 'https://rukminim1.flixcart.com/image/128/128/jx257680/t-shirt/7/y/s/3xl-etshs-2011-1-white-sayitloud-original-imafhh8wcdfcgzpb.jpeg?q=70']",
"[{'Type': 'Round Neck'}, {'Sleeve': 'Half Sleeve'}, {'Fit': 'Regular'}, {'Fabric': 'Pure Cotton'}, {'Pack of': '1'}, {'Style Code': '11896508'}, {'Neck Type': 'Round Neck'}, {'Ideal For': 'Men'}, {'Size': '3XL'}, {'Pattern': 'Striped'}, {'Suitable For': 'Western Wear'}, {'Fabric Care': 'Machine wash as per tag'}, {'Brand Color': 'Dark Green'}, {'Generic Name': 'T Shirts'}, {'Country of Origin': 'India'}]",
"[{'Type': 'Round Neck'}, {'Sleeve': 'Sleeveless'}, {'Fit': 'Regular'}, {'Fabric': 'Cotton Blend'}, {'Pack of': '1'}, {'Style Code': 'A1802-21A'}, {'Neck Type': 'Round Neck'}, {'Ideal For': 'Men'}, {'Size': 'M'}, {'Pattern': 'Graphic Print'}, {'Suitable For': 'Western Wear'}, {'Brand Fit': 'Regular'}, {'Reversible': 'No'}, {'Secondary Color': 'Black'}, {'Fabric Care': 'Gentle Machine Wash, Do not dry clean'}, {'Brand Color': 'White'}, {'Generic Name': 'T Shirts'}, {'Country of Origin': 'India'}]",
"['https://rukminim1.flixcart.com/image/128/128/jpinjbk0/shirt/d/d/k/xl-red-dudlind-original-imafbrfcgyekhx3w.jpeg?q=70', 'https://rukminim1.flixcart.com/image/128/128/jpinjbk0/shirt/d/d/k/xl-red-dudlind-original-imafbrfcfg8h5bzh.jpeg?q=70', 'https://rukminim1.flixcart.com/image/128/128/jpinjbk0/shirt/d/d/k/m-red-dudlind-original-imafbrfcbzrrrtcy.jpeg?q=70', 'https://rukminim1.flixcart.com/image/128/128/jpinjbk0/shirt/d/d/k/xl-red-dudlind-original-imafbrfcevfbespf.jpeg?q=70', 'https://rukminim1.flixcart.com/image/128/128/js0o9zk0/shirt/c/y/d/40-6045-6046-dudlind-original-imafbrfc5bs2md5h.jpeg?q=70', 'https://rukminim1.flixcart.com/image/128/128/jpinjbk0/shirt/d/d/k/xl-red-dudlind-original-imafbrfchwxz62yh.jpeg?q=70']",
SHTFCTHAXSCUSEZ2,
SRTFWKQJJZKZD2DF,
Western Wear,
"[{'Type': 'Hooded Neck'}, {'Sleeve': 'Sleeveless'}, {'Fit': 'Regular'}, {'Fabric': 'Cotton Blend'}, {'Pack of': '1'}, {'Style Code': 'A1802-23D'}, {'Neck Type': 'Hooded Neck'}, {'Ideal For': 'Men'}, {'Size': 'S'}, {'Pattern': 'Typography'}, {'Suitable For': 'Western Wear'}, {'Brand Fit': 'Regular'}, {'Reversible': 'No'}, {'Secondary Color': 'Black'}, {'Fabric Care': 'Gentle Machine Wash, Do not dry clean'}, {'Brand Color': 'Spay White'}, {'Generic Name': 'T Shirts'}, {'Country of Origin': 'India'}]",
TSHFFXYJ2H4NJ8PF,
SHTFCTH9KHUEAVBS,
"[{'Pack of': '1'}, {'Style Code': 'Men Regular Fit Solid Button Down Collar Formal Shirt'}, {'Fit': 'Regular'}, {'Fabric': 'Pure Cotton'}, {'Sleeve': 'Full Sleeve'}, {'Pattern': 'Solid'}, {'Reversible': 'No'}, {'Collar': 'Button Down'}, {'Color': 'Blue'}, {'Fabric Care': 'Regular Machine Wash'}, {'Suitable For': 'Western Wear'}]",
SHTFEGPMX8ZKHAMY,
TSHFG29MT7YYXDUQ,
"[{'Type': 'Scoop Neck'}, {'Sleeve': 'Sleeveless'}, {'Fit': 'Regular'}, {'Fabric': 'Cotton Blend'}, {'Sales Package': '1 T Shirt'}, {'Pack of': '1'}, {'Style Code': 'A1603-27B'}, {'Neck Type': 'Scoop Neck'}, {'Ideal For': 'Men'}, {'Size': 'XL'}, {'Pattern': 'Solid'}, {'Suitable For': 'Western Wear'}, {'Brand Fit': 'Regular'}, {'Fabric Care': 'Machine Wash'}, {'Brand Color': 'White'}, {'Generic Name': 'T Shirts'}, {'Country of Origin': 'India'}]",
"[{'Pack of': '1'}, {'Style Code': 'Men Regular Fit Solid Button Down Collar Formal Shirt'}, {'Fit': 'Regular'}, {'Fabric': 'Pure Cotton'}, {'Sleeve': 'Full Sleeve'}, {'Pattern': 'Solid'}, {'Reversible': 'No'}, {'Collar': 'Button Down'}, {'Color': 'Brown'}, {'Fabric Care': 'Regular Machine Wash'}, {'Suitable For': 'Western Wear'}]",
"[{'Pack of': '1'}, {'Style Code': 'Men Regular Fit Solid Button Down Collar Formal Shirt'}, {'Fit': 'Regular'}, {'Fabric': 'Pure Cotton'}, {'Sleeve': 'Full Sleeve'}, {'Pattern': 'Solid'}, {'Reversible': 'No'}, {'Collar': 'Button Down'}, {'Color': 'Orange'}, {'Fabric Care': 'Regular Machine Wash'}, {'Suitable For': 'Western Wear'}]",
"['https://rukminim1.flixcart.com/image/128/128/jpbic280/shirt/n/z/s/m-blood-red-dudlind-original-imafbheypk2qcuyf.jpeg?q=70', 'https://rukminim1.flixcart.com/image/128/128/jpbic280/shirt/n/z/s/m-blood-red-dudlind-original-imafbheywjfu2wfc.jpeg?q=70', 'https://rukminim1.flixcart.com/image/128/128/jpbic280/shirt/n/z/s/l-blood-red-dudlind-original-imafbheyzzhzthek.jpeg?q=70', 'https://rukminim1.flixcart.com/image/128/128/jpbic280/shirt/n/z/s/m-blood-red-dudlind-original-imafbheyebz23zsr.jpeg?q=70', 'https://rukminim1.flixcart.com/image/128/128/js0o9zk0/shirt/c/y/d/38-6045-6046-dudlind-original-imafbheynhuvghh4.jpeg?q=70', 'https://rukminim1.flixcart.com/image/128/128/jpbic280/shirt/n/z/s/m-blood-red-dudlind-original-imafbheyarbas5ve.jpeg?q=70']",
SHTFEGPMAKYYFJYD,
SHTFCTH9Z3BWJ4JC,
"[{'Style Code': 'A1803-01B'}, {'Ideal For': 'Men'}, {'Suitable For': 'Western Wear'}, {'Pack Of': '1'}, {'Pocket Type': 'Curved Pocket'}, {'Pattern': 'Solid'}, {'Reversible': 'No'}, {'Closure': 'Button, Zip'}, {'Fabric': 'Cotton Blend'}, {'Faded': 'Light Fade'}, {'Rise': 'Mid Rise'}, {'Distressed': 'Mild Distress'}, {'Stretchable': 'Yes'}, {'Color': 'Black'}, {'Fly': 'Zipper'}, {'Secondary Color': 'Grey'}, {'Fabric Care': 'Do not bleach'}, {'Generic Name': 'Jeans'}, {'Country of Origin': 'India'}]",
SHTFEGPHZGHPS4ZW,
"[{'Neck': 'Round Neck'}, {'Pattern': 'Printed'}, {'Sleeve': 'Sleeveless'}, {'Sales Package': '1'}, {'Model Name': 'Antonio Zafra'}, {'Style Code': 'A1909-44A'}, {'Secondary Color': 'Black'}, {'Fabric Care': 'Gentle Machine Wash'}, {'Generic Name': 'Vests'}, {'Country of Origin': 'India'}]",
"[{'Pack of': '1'}, {'Style Code': 'black-d'}, {'Closure': 'Button'}, {'Fit': 'Slim'}, {'Fabric': 'Cotton Blend'}, {'Sleeve': 'Full Sleeve'}, {'Pattern': 'Solid'}, {'Reversible': 'No'}, {'Collar': 'Spread'}, {'Color': 'Black'}, {'Fabric Care': 'Gentle Machine Wash'}, {'Suitable For': 'Western Wear'}, {'Other Details': '100% Pure Cotton'}, {'Generic Name': 'Shirt'}, {'Country of Origin': 'India'}]",
SHTFEGPKFA7XRXQZ,
SHTFEGPHYGPZSZBV,
SHTFEGPHP2UVRYJY,
JEAEKMF3M8NXSHFZ,
SRTFXY7ZGZB2X3ED,
"[{'Fabric': '65% PES /35% CO-TWILL'}, {'Color': 'White'}, {'Style Code': 'ACT FND LOGO CAP'}, {'Sales Package': '1 CAP'}]",
SHTFEGPMQV6KB2HS,
TSHFXEZFS7GB2XHT,
SHTFEGPHBMQESMX6,
"[{'Type': 'Round Neck'}, {'Sleeve': 'Sleeveless'}, {'Fit': 'Regular'}, {'Fabric': 'Cotton Blend'}, {'Pack of': '1'}, {'Style Code': 'A1802-21D'}, {'Neck Type': 'Round Neck'}, {'Ideal For': 'Men'}, {'Size': 'S'}, {'Pattern': 'Graphic Print'}, {'Suitable For': 'Western Wear'}, {'Brand Fit': 'Regular'}, {'Reversible': 'No'}, {'Secondary Color': 'Black'}, {'Fabric Care': 'Gentle Machine Wash, Do not dry clean'}, {'Brand Color': 'Light Grey'}, {'Generic Name': 'T Shirts'}, {'Country of Origin': 'India'}]",
"[{'Type': 'Round Neck'}, {'Sleeve': 'Short Sleeve'}, {'Fit': 'Regular'}, {'Fabric': 'Cotton Viscose Blend'}, {'Pack of': '1'}, {'Style Code': 'CW1202'}, {'Neck Type': 'Round Neck'}, {'Ideal For': 'Men'}, {'Size': 'XXL'}, {'Pattern': 'Solid'}, {'Suitable For': 'Western Wear'}, {'Brand Fit': 'Regular'}, {'Reversible': 'No'}, {'Secondary Color': 'White'}, {'Fabric Care': 'Machine wash as per tag'}, {'Model Name': '3-STRIPES TEE'}, {'Brand Color': 'BLACK'}]",
SHTFEGPM6HZ2W4YM,
TSHFXEYYM8R6TQ9H,
'https://rukminim1.flixcart.com/image/128/128/shoe/b/w/m/red-fusion-vector-x-8-original-imadqz955hd7fzqn.jpeg?q=70',
"[{'Pack of': '1'}, {'Style Code': 'Men Regular Fit Solid Button Down Collar Formal Shirt'}, {'Fit': 'Regular'}, {'Fabric': 'Pure Cotton'}, {'Sleeve': 'Full Sleeve'}, {'Pattern': 'Solid'}, {'Reversible': 'No'}, {'Collar': 'Button Down'}, {'Color': 'Light Blue'}, {'Fabric Care': 'Regular Machine Wash'}, {'Suitable For': 'Western Wear'}]",
"[{'Pack of': '1'}, {'Style Code': 'Men Regular Fit Solid Button Down Collar Formal Shirt'}, {'Fit': 'Regular'}, {'Fabric': 'Pure Cotton'}, {'Sleeve': 'Full Sleeve'}, {'Pattern': 'Solid'}, {'Reversible': 'No'}, {'Collar': 'Button Down'}, {'Color': 'Pink'}, {'Fabric Care': 'Regular Machine Wash'}, {'Suitable For': 'Western Wear'}]",
TSHFXEYYMYZUSGZZ,
"[{'Type': 'Round Neck'}, {'Sleeve': 'Short Sleeve'}, {'Fit': 'Regular'}, {'Fabric': 'Cotton Viscose Blend'}, {'Pack of': '1'}, {'Style Code': 'CW1203'}, {'Neck Type': 'Round Neck'}, {'Ideal For': 'Men'}, {'Size': 'XL'}, {'Pattern': 'Solid'}, {'Suitable For': 'Western Wear'}, {'Brand Fit': 'Regular'}, {'Reversible': 'No'}, {'Fabric Care': 'Machine wash as per tag'}, {'Model Name': '3-STRIPES TEE'}, {'Brand Color': 'WHITE'}]",
"[{'Pack of': '1'}, {'Style Code': 'C44-5'}, {'Closure': 'Button'}, {'Fit': 'Slim'}, {'Fabric': 'Cotton Blend'}, {'Sleeve': 'Full Sleeve'}, {'Pattern': 'Solid'}, {'Reversible': 'No'}, {'Collar': 'Spread'}, {'Color': 'Dark Blue'}, {'Fabric Care': 'Gentle Machine Wash'}, {'Suitable For': 'Western Wear'}, {'Other Details': '100% Cotton Shirt'}, {'Generic Name': 'Shirt'}, {'Country of Origin': 'India'}]",
"[{'Type': 'Polo Neck'}, {'Sleeve': 'Half Sleeve'}, {'Fit': 'Regular'}, {'Fabric': 'Cotton Blend'}, {'Sales Package': '1 T Shirt'}, {'Pack of': '1'}, {'Style Code': 'AX-09-W'}, {'Neck Type': 'Polo Neck'}, {'Ideal For': 'Men'}, {'Size': 'L'}, {'Pattern': 'Striped'}, {'Suitable For': 'Western Wear'}, {'Brand Fit': 'Regular'}, {'Sleeve Type': 'Narrow'}, {'Fabric Care': 'Regular Machine Wash, Do not Iron on print/embroidery/embellishment, Reverse and dry, Do not tumble dry, Dry in shade, Do not dry clean'}, {'Brand Color': 'White'}]",
SRTFXY8AY7ZXCA7B,
"[{'Pack of': '1'}, {'Style Code': 'c44-8'}, {'Closure': 'Button'}, {'Fit': 'Slim'}, {'Fabric': 'Cotton Blend'}, {'Sleeve': 'Full Sleeve'}, {'Pattern': 'Solid'}, {'Reversible': 'No'}, {'Collar': 'Spread'}, {'Color': 'Blue'}, {'Fabric Care': 'Gentle Machine Wash'}, {'Suitable For': 'Western Wear'}, {'Hem': 'Straight'}, {'Other Details': '100% Cotton Shirt'}, {'Generic Name': 'Shirt'}, {'Country of Origin': 'India'}]",
TSHFXEZF9PYXSYHU,
SRTFWKQJSERDHY5A,
"[{'Pack of': '1'}, {'Style Code': 'C44-2'}, {'Closure': 'Button'}, {'Fit': 'Slim'}, {'Fabric': 'Cotton Blend'}, {'Sleeve': 'Full Sleeve'}, {'Pattern': 'Solid'}, {'Reversible': 'No'}, {'Collar': 'Spread'}, {'Color': 'Light Blue'}, {'Fabric Care': 'Gentle Machine Wash'}, {'Suitable For': 'Western Wear'}, {'Other Details': '100% Cotton Shirt'}, {'Generic Name': 'Shirt'}, {'Country of Origin': 'India'}]",
TSHFFYTQQWG3CDHF,
"[{'Pack of': '1'}, {'Style Code': 'h/s-E'}, {'Closure': 'Button'}, {'Fit': 'Slim'}, {'Fabric': 'Cotton Linen Blend'}, {'Sleeve': 'Half Sleeve'}, {'Pattern': 'Solid'}, {'Reversible': 'No'}, {'Collar': 'Spread'}, {'Color': 'Light Blue'}, {'Fabric Care': 'Regular Machine Wash'}, {'Suitable For': 'Western Wear'}, {'Hem': 'Straight'}, {'Other Details': '100% Cotton Shirt Half-Sleeves Shirt'}, {'Generic Name': 'Shirt'}, {'Country of Origin': 'India'}]",
"[{'Type': 'Round Neck'}, {'Sleeve': 'Sleeveless'}, {'Fit': 'Regular'}, {'Fabric': 'Cotton Blend'}, {'Pack of': '1'}, {'Style Code': 'A1802-25B'}, {'Neck Type': 'Round Neck'}, {'Ideal For': 'Men'}, {'Size': 'M'}, {'Pattern': 'Printed'}, {'Suitable For': 'Western Wear'}, {'Brand Fit': 'Regular'}, {'Reversible': 'No'}, {'Secondary Color': 'White'}, {'Fabric Care': 'Gentle Machine Wash, Do not dry clean'}, {'Brand Color': 'Jet Black'}, {'Generic Name': 'T Shirts'}, {'Country of Origin': 'India'}]",
"['https://rukminim1.flixcart.com/image/128/128/jwzabgw0/t-shirt/f/m/f/l-mtshs-4007-2-black-sayitloud-original-imafhjz6fddzgrg6.jpeg?q=70', 'https://rukminim1.flixcart.com/image/128/128/k0wqwsw0/t-shirt/h/e/j/l-mtshs-po2-2010-1wht-4007-2blk-sayitloud-original-imafhjz6gmxw6wvh.jpeg?q=70', 'https://rukminim1.flixcart.com/image/128/128/jwzabgw0/t-shirt/f/m/f/l-mtshs-4007-2-black-sayitloud-original-imafhjz69rgvgwaw.jpeg?q=70', 'https://rukminim1.flixcart.com/image/128/128/k0wqwsw0/t-shirt/h/e/j/l-mtshs-po2-2010-1wht-4007-2blk-sayitloud-original-imafhjz6mqaqyyd7.jpeg?q=70', 'https://rukminim1.flixcart.com/image/128/128/jy3anbk0/t-shirt/v/q/y/xl-mtshs-po2-2001-2wht-4007-2blk-sayitloud-original-imafhjz638gjphf9.jpeg?q=70']",
"[{'Type': 'Hooded Neck'}, {'Sleeve': 'Sleeveless'}, {'Fit': 'Regular'}, {'Fabric': 'Cotton Blend'}, {'Pack of': '1'}, {'Style Code': 'A1802-23A'}, {'Neck Type': 'Hooded Neck'}, {'Ideal For': 'Men'}, {'Size': 'L'}, {'Pattern': 'Typography'}, {'Suitable For': 'Western Wear'}, {'Brand Fit': 'Regular'}, {'Reversible': 'No'}, {'Secondary Color': 'White'}, {'Fabric Care': 'Gentle Machine Wash, Do not dry clean'}, {'Brand Color': 'Jet Black'}, {'Generic Name': 'T Shirts'}, {'Country of Origin': 'India'}]",
"[{'Type': 'Hooded Neck'}, {'Sleeve': 'Sleeveless'}, {'Fit': 'Regular'}, {'Fabric': 'Cotton Blend'}, {'Pack of': '1'}, {'Style Code': 'A1802-23C'}, {'Neck Type': 'Hooded Neck'}, {'Ideal For': 'Men'}, {'Size': 'M'}, {'Pattern': 'Typography'}, {'Suitable For': 'Western Wear'}, {'Brand Fit': 'Regular'}, {'Reversible': 'No'}, {'Secondary Color': 'Black'}, {'Fabric Care': 'Gentle Machine Wash, Do not dry clean'}, {'Brand Color': 'Dark Grey'}, {'Generic Name': 'T Shirts'}, {'Country of Origin': 'India'}]",
"[{'Type': 'Round Neck'}, {'Sleeve': 'Sleeveless'}, {'Fit': 'Regular'}, {'Fabric': 'Cotton Blend'}, {'Pack of': '1'}, {'Style Code': 'A1802-20B'}, {'Neck Type': 'Round Neck'}, {'Ideal For': 'Men'}, {'Size': 'M'}, {'Pattern': 'Solid'}, {'Suitable For': 'Western Wear'}, {'Brand Fit': 'Regular'}, {'Reversible': 'No'}, {'Secondary Color': 'White'}, {'Fabric Care': 'Gentle Machine Wash, Do not dry clean'}, {'Brand Color': 'Jet Black'}, {'Generic Name': 'T Shirts'}, {'Country of Origin': 'India'}]",
"[{'Type': 'Round Neck'}, {'Sleeve': 'Half Sleeve'}, {'Fit': 'Regular'}, {'Fabric': 'Cotton Blend'}, {'Pack of': '2'}, {'Style Code': 'GB'}, {'Neck Type': 'Round Neck'}, {'Ideal For': 'Men'}, {'Size': 'XL'}, {'Pattern': 'Solid'}, {'Suitable For': 'Western Wear'}, {'Brand Fit': 'REGULAR'}, {'Fabric Care': 'GENTLE MACHINE WASH'}, {'Brand Color': 'GREY BLACK'}]",
"['https://rukminim1.flixcart.com/image/128/128/jpbic280/shirt/8/h/u/m-red-blue-dudlind-original-imafbhcrrws2hebu.jpeg?q=70', 'https://rukminim1.flixcart.com/image/128/128/jpbic280/shirt/8/h/u/m-red-blue-dudlind-original-imafbhcrbaghgdp9.jpeg?q=70', 'https://rukminim1.flixcart.com/image/128/128/jpbic280/shirt/8/h/u/xxl-red-blue-dudlind-original-imafbhcrgzvcdzrb.jpeg?q=70', 'https://rukminim1.flixcart.com/image/128/128/jpbic280/shirt/8/h/u/m-red-blue-dudlind-original-imafbhcrh8xyba6j.jpeg?q=70', 'https://rukminim1.flixcart.com/image/128/128/js7th8w0/shirt/a/p/r/42-6047-6049-dudlind-original-imafbhcrt74utzey.jpeg?q=70', 'https://rukminim1.flixcart.com/image/128/128/jpbic280/shirt/8/h/u/m-red-blue-dudlind-original-imafbhcr6x4sjeyw.jpeg?q=70']",
TSHFXEZFWFTKYET7,
SHTFCTHAGYFZDXMH,
TSHFXEYYV9CSPHYH,
"[{'Type': 'Round Neck'}, {'Sleeve': 'Short Sleeve'}, {'Fit': 'Regular'}, {'Fabric': 'Cotton Blend'}, {'Pack of': '1'}, {'Style Code': 'A1802-16B'}, {'Neck Type': 'Round Neck'}, {'Ideal For': 'Men'}, {'Size': 'M'}, {'Pattern': 'Typography'}, {'Suitable For': 'Western Wear'}, {'Brand Fit': 'Regular'}, {'Reversible': 'No'}, {'Secondary Color': 'White'}, {'Fabric Care': 'Gentle Machine Wash, Do not dry clean'}, {'Brand Color': 'Jet Black'}, {'Generic Name': 'T Shirts'}, {'Country of Origin': 'India'}]",
"[{'Type': 'Round Neck'}, {'Sleeve': 'Sleeveless'}, {'Fit': 'Regular'}, {'Fabric': 'Cotton Blend'}, {'Pack of': '1'}, {'Style Code': 'A1802-20D'}, {'Neck Type': 'Round Neck'}, {'Ideal For': 'Men'}, {'Size': 'M'}, {'Pattern': 'Solid'}, {'Suitable For': 'Western Wear'}, {'Brand Fit': 'Regular'}, {'Reversible': 'No'}, {'Secondary Color': 'Black'}, {'Fabric Care': 'Gentle Machine Wash, Do not dry clean'}, {'Brand Color': 'Light Grey'}, {'Generic Name': 'T Shirts'}, {'Country of Origin': 'India'}]",
"['https://rukminim1.flixcart.com/image/128/128/jwzabgw0/t-shirt/6/3/t/m-mtshs-2012-2-olivegreen-sayitloud-original-imafhjz7du9jghtp.jpeg?q=70', 'https://rukminim1.flixcart.com/image/128/128/jyhl1u80/t-shirt/b/z/z/m-mtshs-po2-2012-2olgr-2004-1wht-sayitloud-original-imafhjz725fgdfww.jpeg?q=70', 'https://rukminim1.flixcart.com/image/128/128/jyhl1u80/t-shirt/b/z/z/m-mtshs-po2-2012-2olgr-2004-1wht-sayitloud-original-imafhjz7vwpuhvup.jpeg?q=70', 'https://rukminim1.flixcart.com/image/128/128/jyhl1u80/t-shirt/b/z/z/m-mtshs-po2-2012-2olgr-2004-1wht-sayitloud-original-imafhjz6gyktbz9f.jpeg?q=70']",
"[{'Type': 'Round Neck'}, {'Sleeve': 'Sleeveless'}, {'Fit': 'Regular'}, {'Fabric': 'Cotton Blend'}, {'Pack of': '1'}, {'Style Code': 'A1802-20C'}, {'Neck Type': 'Round Neck'}, {'Ideal For': 'Men'}, {'Size': 'L'}, {'Pattern': 'Solid'}, {'Suitable For': 'Western Wear'}, {'Brand Fit': 'Regular'}, {'Reversible': 'No'}, {'Secondary Color': 'Black'}, {'Fabric Care': 'Gentle Machine Wash, Do not dry clean'}, {'Brand Color': 'Dark Grey'}, {'Generic Name': 'T Shirts'}, {'Country of Origin': 'India'}]",
"[{'Pack of': '1'}, {'Style Code': 'C44-4'}, {'Closure': 'Button'}, {'Fit': 'Slim'}, {'Fabric': 'Cotton Blend'}, {'Sleeve': 'Full Sleeve'}, {'Pattern': 'Solid'}, {'Reversible': 'No'}, {'Collar': 'Spread'}, {'Color': 'Red'}, {'Fabric Care': 'Gentle Machine Wash'}, {'Suitable For': 'Western Wear'}, {'Other Details': '100% Cotton Shirt'}, {'Generic Name': 'Shirt'}, {'Country of Origin': 'India'}]",
"[{'Style Code': 'TS134anthra'}, {'Closure': 'Elastic'}, {'Pockets': 'Side Pockets'}, {'Fly': 'Elastic'}, {'Fabric Care': 'Normal Wash At 40c, Do not dry clean Do not bleach, Do not iron, Drip dry in shade Wash in like colours .Wash inside out'}, {'Rise in inch': '34 inch'}, {'Hip in inch': '30 inch'}, {'Waist in inch': '28 inch'}, {'Sales Package': '1'}, {'Fabric': 'Cotton Blend'}, {'Pattern': 'Solid'}, {'Color': 'Grey'}, {'Generic Name': 'Track Pants'}, {'Country of Origin': 'India'}]",
"[{'Type': 'Polo Neck'}, {'Sleeve': 'Half Sleeve'}, {'Fabric': 'Cotton Blend'}, {'Sales Package': '1 T Shirt'}, {'Pack of': '1'}, {'Style Code': '1000887'}, {'Neck Type': 'Polo Neck'}, {'Ideal For': 'Men'}, {'Size': 'S'}, {'Pattern': 'Self Design'}, {'Fabric Care': 'Cool Iron, Do Not Iron On Print, Do Not Bleach, Wash Dark Colors Separately, Gentle Cycle, Machine Wash Cold'}, {'Brand Color': 'Black'}]",
"[{'Type': 'Round Neck'}, {'Sleeve': 'Short Sleeve'}, {'Fit': 'Regular'}, {'Fabric': 'Cotton Blend'}, {'Sales Package': '1'}, {'Pack of': '1'}, {'Style Code': '85415211'}, {'Neck Type': 'Round Neck'}, {'Ideal For': 'Men'}, {'Size': 'L'}, {'Pattern': 'Color Block'}, {'Suitable For': 'Western Wear'}, {'Brand Fit': 'Relaxed'}, {'Reversible': 'No'}, {'Fabric Care': 'Machine wash as per tag'}, {'Model Name': 'Rebel Tee'}, {'Brand Color': 'High Risk Red'}]",
TSHEDKJXFEXTKJYS,
"[{'Style Code': 'TS134anthra'}, {'Closure': 'Elastic'}, {'Pockets': 'Side Pockets'}, {'Fly': 'Elastic'}, {'Fabric Care': 'Normal Wash At 40c, Do not dry clean Do not bleach, Do not iron, Drip dry in shade Wash in like colours .Wash inside out'}, {'Rise in inch': '34 inch'}, {'Hip in inch': '34 inch'}, {'Waist in inch': '32 inch'}, {'Sales Package': '1'}, {'Fabric': 'Cotton Blend'}, {'Pattern': 'Solid'}, {'Color': 'Grey'}, {'Generic Name': 'Track Pants'}, {'Country of Origin': 'India'}]",
"['https://rukminim1.flixcart.com/image/128/128/kjem3rk0-0/vest/4/j/5/105-tit-dyed-rns-po3-btm-105-tt-original-imafyzardxgxms7h.jpeg?q=70', 'https://rukminim1.flixcart.com/image/128/128/kjem3rk0-0/vest/z/i/3/105-tit-dyed-rns-po3-btm-105-tt-original-imafyzarngathseh.jpeg?q=70', 'https://rukminim1.flixcart.com/image/128/128/kjem3rk0-0/vest/1/p/y/105-tit-dyed-rns-po3-btm-105-tt-original-imafyzarwtrjemzk.jpeg?q=70', 'https://rukminim1.flixcart.com/image/128/128/kjem3rk0-0/vest/k/3/e/105-tit-dyed-rns-po3-btm-105-tt-original-imafyzarwmgyxw2x.jpeg?q=70', 'https://rukminim1.flixcart.com/image/128/128/kjem3rk0-0/vest/h/0/1/105-tit-dyed-rns-po3-btm-105-tt-original-imafyzarsy7vzqhj.jpeg?q=70']",
"['https://rukminim1.flixcart.com/image/128/128/kjabs7k0-0/t-shirt/u/d/i/m-ts148-po2-red-nvy-tt-original-imafyvuf2rhdtaqf.jpeg?q=70', 'https://rukminim1.flixcart.com/image/128/128/kjabs7k0-0/t-shirt/w/8/v/m-ts148-po2-red-nvy-tt-original-imafyvufzxz8mjuu.jpeg?q=70', 'https://rukminim1.flixcart.com/image/128/128/kjabs7k0-0/t-shirt/t/a/u/xl-ts148-po3-nyr-tt-original-imafyvufvrhwzar8.jpeg?q=70', 'https://rukminim1.flixcart.com/image/128/128/kjabs7k0-0/t-shirt/z/o/r/m-ts148-po3-nyr-tt-original-imafyvufpmuvzgbb.jpeg?q=70', 'https://rukminim1.flixcart.com/image/128/128/kjabs7k0-0/t-shirt/i/k/y/xxl-ts148-po2-air-red-tt-original-imafyvufs6jywe25.jpeg?q=70', 'https://rukminim1.flixcart.com/image/128/128/kjabs7k0-0/t-shirt/c/v/t/m-ts148-po5-mix1-tt-original-imafyvufezdz4eqd.jpeg?q=70']",
"[{'Type': 'Round Neck'}, {'Sleeve': 'Sleeveless'}, {'Fit': 'Regular'}, {'Fabric': 'Nylon'}, {'Sales Package': '1 Tshirt'}, {'Pack of': '1'}, {'Style Code': 'KXIP NEON SINGLET - Green'}, {'Neck Type': 'Round Neck'}, {'Ideal For': 'Men'}, {'Size': 'L'}, {'Pattern': 'Solid'}, {'Suitable For': 'Western Wear'}, {'Brand Fit': 'Athletic'}, {'Sleeve Type': 'Narrow'}, {'Reversible': 'No'}, {'Fabric Care': 'Use Detergent for Colors, Wash with Similar Colors'}, {'Other Details': 'No Feel Graphic'}, {'Brand Color': 'Green'}]",
SWSFDGYCV8VZZCD9,
"[{'Style Code': 'COOL-TS134_GML_M'}, {'Closure': 'Elastic'}, {'Pockets': 'Side Pockets'}, {'Fly': 'Elastic'}, {'Fabric Care': 'Normal Wash At 40c, Do not dry clean Do not bleach, Do not iron, Drip dry in shade Wash in like colours .Wash inside out'}, {'Rise in inch': '34 inch'}, {'Hip in inch': '32 inch'}, {'Waist in inch': '30 inch'}, {'Sales Package': '1Joggers'}, {'Fabric': 'Cotton Blend'}, {'Pattern': 'Solid'}, {'Color': 'Grey'}, {'Generic Name': 'Track Pants'}, {'Country of Origin': 'India'}]",
"[{'Color': 'Black'}, {'Fabric': 'Polycotton'}, {'Pattern': 'Printed'}, {'Neck': 'Round or Crew'}, {'Sleeve': 'Full Sleeve'}, {'Style Code': '85416901'}, {'Sales Package': '1'}, {'Occasion': 'Casual'}, {'Hooded': 'No'}, {'Reversible': 'No'}, {'Suitable For': 'Western Wear'}, {'Model Name': 'Tec Sports 1 2 Zip'}, {'Fabric Care': 'Machine Wash as per Tag'}, {'Domestic Warranty': '3 Months'}]",
"[{'Type': 'Polo Neck'}, {'Sleeve': 'Half Sleeve'}, {'Fit': 'Regular'}, {'Pack of': '1'}, {'Style Code': 'World Cup Jersey - India'}, {'Neck Type': 'Polo Neck'}, {'Ideal For': 'Men'}, {'Size': 'L'}, {'Pattern': 'Solid'}, {'Suitable For': 'Western Wear'}, {'Brand Fit': 'Regular'}, {'Sleeve Type': 'Wide'}, {'Reversible': 'No'}, {'Brand Color': 'Light Blue'}]",
Front Rise-12; M- Waist-32,
"[{'Fabric': 'Polycotton'}, {'Pattern': 'Solid'}, {'Color': 'Black'}, {'Style Code': 'T10_2017_011'}, {'Fit': 'Regular Fir'}, {'Type': 'Sports Shorts'}]",
"[{'Color': 'White'}, {'Fabric': 'Cotton Blend'}, {'Pattern': 'Printed'}, {'Style Code': 'PBWCT26F'}, {'Pack of': '1'}]",
HKFFVM7SGEABGTFK,
"[{'Type': 'Round or Crew'}, {'Sleeve': 'Half Sleeve'}, {'Fit': 'Slim'}, {'Fabric': 'Cotton Blend'}, {'Sales Package': '1 T_shirt'}, {'Pack of': '1'}, {'Style Code': '57797930'}, {'Neck Type': 'Round or Crew'}, {'Ideal For': 'Men'}, {'Size': 'L'}, {'Pattern': 'Solid'}, {'Suitable For': 'Western Wear'}, {'Brand Fit': 'Slim'}, {'Reversible': 'No'}, {'Fabric Care': 'Machine wash as per tag'}, {'Model Name': 'Iconic T7 Slim Tee'}, {'Brand Color': 'Ponderosa Pine'}]",
TSHEDKJXZHCVAHU6,
TSHEDKJXCJZAJCUF,
"[{'Type': 'Round Neck'}, {'Sleeve': 'Sleeveless'}, {'Fit': 'Regular'}, {'Fabric': 'Neon Microfiber'}, {'Sales Package': '1 Tshirt'}, {'Pack of': '1'}, {'Style Code': 'KXIP NEON SINGLET - Yellow'}, {'Neck Type': 'Round Neck'}, {'Ideal For': 'Men'}, {'Size': 'S'}, {'Pattern': 'Solid'}, {'Suitable For': 'Western Wear'}, {'Brand Fit': 'Athletic'}, {'Sleeve Type': 'Narrow'}, {'Reversible': 'No'}, {'Fabric Care': 'Use Detergent for Colors, Wash with Similar Colors'}, {'Other Details': 'No Feel Graphic'}, {'Brand Color': 'Neon Yellow'}]",
"[{'Type': 'V-neck'}, {'Sleeve': 'Half Sleeve'}, {'Fabric': '100% Micro Polyster'}, {'Sales Package': '1 T Shirt'}, {'Pack of': '1'}, {'Style Code': '1003297'}, {'Neck Type': 'V-neck'}, {'Ideal For': 'Men'}, {'Size': 'L'}, {'Pattern': 'Solid'}, {'Fabric Care': 'Cool Iron, Do Not Iron On Print, Do Not Bleach, Wash Dark Colors Separately, Gentle Cycle, Machine Wash Cold'}, {'Brand Color': 'YELLOW'}]",
"[{'Color': 'White'}, {'Fabric': 'Cotton Blend'}, {'Pattern': 'Printed'}, {'Style Code': 'PBWB13F'}, {'Pack of': '1'}]",
"[{'Type': 'Round or Crew'}, {'Sleeve': 'Half Sleeve'}, {'Fit': 'Loose'}, {'Fabric': 'Cotton Blend'}, {'Sales Package': '1 T_shirt'}, {'Pack of': '1'}, {'Style Code': '57815801'}, {'Neck Type': 'Round or Crew'}, {'Ideal For': 'Men'}, {'Size': 'XL'}, {'Pattern': 'Printed'}, {'Suitable For': 'Western Wear'}, {'Brand Fit': 'Relaxed'}, {'Reversible': 'No'}, {'Fabric Care': 'Machine wash as per tag'}, {'Model Name': 'Graphic Multiple Logo Tee'}, {'Brand Color': 'Cotton Black'}]",
SWSEDQEA6D48ZVYG,
"['https://rukminim1.flixcart.com/image/128/128/kjd6nww0-0/t-shirt/n/c/r/xxl-ts148-po5-mix2-tt-original-imafyyg5b6a4hb3t.jpeg?q=70', 'https://rukminim1.flixcart.com/image/128/128/kjd6nww0-0/t-shirt/l/i/3/xxl-ts148-po5-mix2-tt-original-imafyyg5judqsf4n.jpeg?q=70', 'https://rukminim1.flixcart.com/image/128/128/kjd6nww0-0/t-shirt/q/b/d/xxl-ts148-po5-mix2-tt-original-imafyyg5vqzkxyk4.jpeg?q=70', 'https://rukminim1.flixcart.com/image/128/128/kjabs7k0-0/t-shirt/s/s/x/m-ts148-po2-mrn-blu-tt-original-imafyvufczbkbwmz.jpeg?q=70', 'https://rukminim1.flixcart.com/image/128/128/kjd6nww0-0/t-shirt/j/d/s/xxl-ts148-po5-mix2-tt-original-imafyyg5yhskzp4g.jpeg?q=70', 'https://rukminim1.flixcart.com/image/128/128/kjabs7k0-0/t-shirt/c/v/t/m-ts148-po5-mix1-tt-original-imafyvufezdz4eqd.jpeg?q=70']",
"[{'Type': 'Round Neck'}, {'Sleeve': 'Sleeveless'}, {'Fit': 'Regular'}, {'Fabric': 'Neon Microfiber'}, {'Sales Package': '1 Tshirt'}, {'Pack of': '1'}, {'Style Code': 'KXIP NEON SINGLET - Orange'}, {'Neck Type': 'Round Neck'}, {'Ideal For': 'Men'}, {'Size': 'XXL'}, {'Pattern': 'Solid'}, {'Suitable For': 'Western Wear'}, {'Brand Fit': 'Athletic'}, {'Sleeve Type': 'Narrow'}, {'Reversible': 'No'}, {'Fabric Care': 'Use Detergent for Colors, Wash with Similar Colors'}, {'Other Details': 'No Feel Graphic'}, {'Brand Color': 'Orange'}]",
SWSEDQEACHUWZJRK,
"[{'Style Code': 'TS134Grey'}, {'Closure': 'Elastic'}, {'Pockets': 'Side Pockets'}, {'Fly': 'Elastic'}, {'Fabric Care': 'Normal Wash At 40c, Do not dry clean Do not bleach, Do not iron, Drip dry in shade Wash in like colours .Wash inside out'}, {'Rise in inch': '34 inch'}, {'Hip in inch': '30 inch'}, {'Waist in inch': '28 inch'}, {'Sales Package': '1Joggers'}, {'Fabric': 'Cotton Blend'}, {'Pattern': 'Solid'}, {'Color': 'Grey'}, {'Generic Name': 'Track Pants'}, {'Country of Origin': 'India'}]",
"[{'Type': 'Round or Crew'}, {'Sleeve': 'Half Sleeve'}, {'Fit': 'Regular'}, {'Fabric': 'Cotton Blend'}, {'Sales Package': '1 T_shirt'}, {'Pack of': '1'}, {'Style Code': '57807311'}, {'Neck Type': 'Round or Crew'}, {'Ideal For': 'Men'}, {'Size': 'XXL'}, {'Pattern': 'Printed'}, {'Suitable For': 'Western Wear'}, {'Brand Fit': 'Regular'}, {'Reversible': 'No'}, {'Fabric Care': 'Machine wash as per tag'}, {'Model Name': 'Classics Logo Tee'}, {'Brand Color': 'High Risk Red'}]",
"[{'Type': 'Round Neck'}, {'Sleeve': 'Half Sleeve'}, {'Fit': 'Regular'}, {'Fabric': 'Neon Microfiber'}, {'Sales Package': '1 Tshirt'}, {'Pack of': '1'}, {'Style Code': 'KXIP MICROFIBER REFLECTIVE CREW NECK'}, {'Neck Type': 'Round Neck'}, {'Ideal For': 'Men'}, {'Size': 'S'}, {'Pattern': 'Solid'}, {'Suitable For': 'Western Wear'}, {'Brand Fit': 'Athletic'}, {'Sleeve Type': 'Narrow'}, {'Reversible': 'No'}, {'Fabric Care': 'Use Detergent for Colors, Wash with Similar Colors'}, {'Other Details': 'Neon sunkissed yellow run jersey'}, {'Brand Color': 'Neon Sunkissed yellow'}]",
"[{'Color': 'White'}, {'Fabric': 'Cotton Blend'}, {'Pattern': 'Printed'}, {'Style Code': 'PBWS11F'}, {'Pack of': '1'}]",
"[{'Type': 'Polo Neck'}, {'Sleeve': 'Half Sleeve'}, {'Fit': 'Regular'}, {'Fabric': 'Cotton Blend'}, {'Sales Package': '1 Tshirt'}, {'Pack of': '1'}, {'Style Code': 'HERRINGBONE POLO - Brown'}, {'Neck Type': 'Polo Neck'}, {'Ideal For': 'Men'}, {'Size': 'M'}, {'Pattern': 'Herringbone'}, {'Suitable For': 'Western Wear'}, {'Brand Fit': 'Athletic'}, {'Sleeve Type': 'Narrow'}, {'Reversible': 'No'}, {'Fabric Care': 'Use Detergent for Colors, Wash with Similar Colors'}, {'Other Details': 'Button Down Placket'}, {'Brand Color': 'Brown'}]",
"[{'Type': 'Round Neck'}, {'Sleeve': 'Short Sleeve'}, {'Fit': 'Regular'}, {'Fabric': 'Cotton Blend'}, {'Sales Package': '1'}, {'Pack of': '1'}, {'Style Code': '85407502'}, {'Neck Type': 'Round Neck'}, {'Ideal For': 'Men'}, {'Size': 'L'}, {'Pattern': 'Printed'}, {'Suitable For': 'Western Wear'}, {'Brand Fit': 'Regular'}, {'Reversible': 'No'}, {'Fabric Care': 'Machine wash as per tag'}, {'Model Name': 'Brand Placed Tee'}, {'Brand Color': 'White'}]",
"[{'Style Code': 'Jogger pants I675'}, {'Closure': 'Drawstring, Elastic'}, {'Pockets': 'Side Pockets'}, {'Fly': 'basic joggers pants with self folded elasticated hem.'}, {'Fabric Care': 'Low Iron, Do Not Dry clean., Machine wash cold., Do not Bleach.'}, {'Other Details': 'Care Instructions: machine wash, Fabric Composition : 60% Cotton 40% Polyester, Premium combed cottonrich loopknit fabric gives extra strength,durability,stability & good color retention., Moisture Management treatment for better breathability, anti-pilling, anti-static properties, Broad ribbed waistband & cuff hem for better grip.Multi colour drawcord with metal tipping'}, {'Sales Package': 'lower for men with zipper pocket'}, {'Fabric': 'Pure Cotton'}, {'Pattern': 'Solid'}, {'Color': 'Grey'}, {'Generic Name': 'Track Pants'}, {'Country of Origin': 'India'}]",
"[{'Style Code': 'TS134Navy'}, {'Closure': 'Elastic'}, {'Pockets': 'Side Pockets'}, {'Fly': 'Elastic'}, {'Fabric Care': 'Normal Wash At 40c, Do not dry clean Do not bleach, Do not iron, Drip dry in shade Wash in like colours .Wash inside out'}, {'Rise in inch': '34 inch'}, {'Hip in inch': '32 inch'}, {'Waist in inch': '30 inch'}, {'Sales Package': '1Joggers'}, {'Fabric': 'Cotton Blend'}, {'Pattern': 'Solid'}, {'Color': 'Blue'}, {'Generic Name': 'Track Pants'}, {'Country of Origin': 'India'}]",
"['https://rukminim1.flixcart.com/image/128/128/kjem3rk0-0/vest/7/g/k/105-tit-dyed-rns-po3-nbs-105-tt-original-imafyzarffhbp4ef.jpeg?q=70', 'https://rukminim1.flixcart.com/image/128/128/kjem3rk0-0/vest/q/s/z/105-tit-dyed-rns-po3-nbs-105-tt-original-imafyzarmgbk8t59.jpeg?q=70', 'https://rukminim1.flixcart.com/image/128/128/kjem3rk0-0/vest/e/w/3/105-tit-dyed-rns-po3-nbs-105-tt-original-imafyzar8sdzanbh.jpeg?q=70', 'https://rukminim1.flixcart.com/image/128/128/kjem3rk0-0/vest/5/f/a/105-tit-dyed-rns-po3-nbs-105-tt-original-imafyzarrjsrmzk7.jpeg?q=70', 'https://rukminim1.flixcart.com/image/128/128/kjem3rk0-0/vest/6/f/a/105-tit-dyed-rns-po3-nbs-105-tt-original-imafyzar4ever3cp.jpeg?q=70']",
"[{'Type': 'Polo Neck'}, {'Sleeve': 'Half Sleeve'}, {'Fabric': 'Cotton Blend'}, {'Sales Package': '1 T Shirt'}, {'Pack of': '1'}, {'Style Code': '1001343'}, {'Neck Type': 'Polo Neck'}, {'Ideal For': 'Men'}, {'Size': 'M'}, {'Pattern': 'Solid'}, {'Fabric Care': 'Cool Iron, Do Not Iron On Print, Do Not Bleach, Wash Dark Colors Separately, Gentle Cycle, Machine Wash Cold'}, {'Brand Color': 'BRIGHT NIGHT'}]",
"[{'Fit': 'Regular Fit'}, {'Occasion': 'Formal'}, {'Color': 'Dark Blue'}, {'Pack of': '1'}, {'Type': 'Formal Trouser'}, {'Suitable For': 'Western Wear'}, {'Belt Loops': 'Yes'}, {'Rise': 'Mid'}, {'Pattern': 'Solid'}, {'Fabric': 'Cotton Viscose Blend'}, {'Closure': 'hooks'}, {'Pleats': 'Not Pleated'}, {'Fabric Care': 'Regular Machine Wash'}, {'Fly': 'Zipper'}, {'Fabric Details': 'Polyester Cotton'}, {'Generic Name': 'Trousers'}]",
"[{'Pack of': '1'}, {'Style Code': 'fabindi'}, {'Fit': 'Regular'}, {'Fabric': 'Polycotton'}, {'Sleeve': 'Full Sleeve'}, {'Pattern': 'Solid'}, {'Reversible': 'No'}, {'Color': 'Black'}, {'Fabric Care': 'Regular Machine Wash'}, {'Suitable For': 'Western Wear'}]",
"[{'Type': 'Round Neck'}, {'Sleeve': 'Short Sleeve'}, {'Fit': 'Regular'}, {'Fabric': 'Cotton Blend'}, {'Sales Package': '1'}, {'Pack of': '1'}, {'Style Code': '85421401'}, {'Neck Type': 'Round Neck'}, {'Ideal For': 'Men'}, {'Size': 'M'}, {'Pattern': 'Solid'}, {'Suitable For': 'Western Wear'}, {'Brand Fit': 'Regular'}, {'Reversible': 'No'}, {'Secondary Color': 'White'}, {'Fabric Care': 'Do not bleach, Do not tumble dry, Dry in shade, Gentle Machine Wash'}, {'Model Name': 'Rebel Basic Tee'}, {'Brand Color': 'Cotton Black'}]",
GVEEG6F4P6MRNG4N,
"[{'Style Code': '85170806'}, {'Closure': 'Elastic'}, {'Pockets': 'Side Pockets'}, {'Fabric Care': 'Machine Wash'}, {'Sales Package': '1'}, {'Fabric': 'Polycotton'}, {'Pattern': 'Solid'}, {'Color': 'Blue'}, {'Domestic Warranty': '3 Months'}]",
"[{'Color': 'Multicolor'}, {'Fabric': 'Cotton Blend'}, {'Pattern': 'Printed'}, {'Style Code': 'PS-PO2-PBWB_PBWP'}, {'Pack of': '2'}]",
"[{'Type': 'Polo Neck'}, {'Sleeve': 'Half Sleeve'}, {'Fabric': 'Polycotton'}, {'Sales Package': '1 T Shirt'}, {'Pack of': '1'}, {'Style Code': '1003315'}, {'Neck Type': 'Polo Neck'}, {'Ideal For': 'Men'}, {'Size': 'L'}, {'Pattern': 'Solid'}, {'Fabric Care': 'Cool Iron, Do Not Iron On Print, Do Not Bleach, Wash Dark Colors Separately, Gentle Cycle, Machine Wash Cold'}, {'Brand Color': 'GREY'}]",
SWSEDMZDGXRKSKXP,
"[{'Type': 'Polo Neck'}, {'Sleeve': 'Half Sleeve'}, {'Fabric': 'Polycotton'}, {'Sales Package': '1 T Shirt'}, {'Pack of': '1'}, {'Style Code': '1001574'}, {'Neck Type': 'Polo Neck'}, {'Ideal For': 'Men'}, {'Size': 'L'}, {'Pattern': 'Solid'}, {'Fabric Care': 'Cool Iron, Do Not Iron On Print, Do Not Bleach, Wash Dark Colors Separately, Gentle Cycle, Machine Wash Cold'}, {'Brand Color': 'WHITE'}]",
"[{'Style Code': '85415601'}, {'Closure': 'Elastic'}, {'Pockets': 'Side Pockets'}, {'Fabric Care': 'Machine Wash'}, {'Sales Package': '1'}, {'Fabric': 'Cotton Blend'}, {'Pattern': 'Self Design'}, {'Color': 'Black'}, {'Domestic Warranty': '3 Months'}]",
"[{'Type': 'Round Neck'}, {'Sleeve': 'Short Sleeve'}, {'Fit': 'Regular'}, {'Fabric': 'Cotton Blend'}, {'Sales Package': '1 T-Shirt'}, {'Pack of': '1'}, {'Style Code': '604961'}, {'Neck Type': 'Round Neck'}, {'Ideal For': 'Men'}, {'Size': 'XL'}, {'Pattern': 'Printed'}, {'Suitable For': 'Western Wear'}, {'Brand Fit': 'Regular'}, {'Sleeve Type': 'Narrow'}, {'Reversible': 'No'}, {'Fabric Care': 'Gentle Machine Wash'}, {'Model Name': 'World Cup Tee 1 French Blue'}, {'Brand Color': 'French Blue'}]",
"[{'Color': 'Grey'}, {'Fabric': 'Cotton Blend'}, {'Pattern': 'Solid'}, {'Style Code': 'T10000452'}, {'Ideal For': 'Men'}, {'Sleeve': 'Full Sleeve'}, {'Closure': 'Zipper'}, {'Sales Package': '1 Jacket'}, {'Pack of': '1'}, {'Suitable For': 'Western Wear'}, {'Reversible': 'No'}, {'Hooded': 'No'}, {'Type': 'Sports Jacket'}, {'Fabric Care': 'Do Not Bleach'}]",
"[{'Fabric': 'Cotton Blend'}, {'Pattern': 'Solid'}, {'Color': 'Blue'}, {'Style Code': 'KXIP SPRINT SHORTS'}, {'Fabric Care': 'Cool Iron, Do Not Iron On Print, Do Not Bleach, Wash Dark Colors Separately, Gentle Cycle, Machine Wash Cold'}, {'Fit': 'Slim Fit'}, {'Type': 'Running Shorts'}]",
SWSEDQEAR4ZGTJ9K,
a two-way stretch spandex rear yoke ensures enough give for standup charging,
"[{'Type': 'Round Neck'}, {'Sleeve': 'Half Sleeve'}, {'Fit': 'Regular'}, {'Fabric': 'Cotton Blend'}, {'Sales Package': '1 T shirt'}, {'Pack of': '1'}, {'Style Code': 'India Graphic T'}, {'Neck Type': 'Round Neck'}, {'Ideal For': 'Men'}, {'Size': 'M'}, {'Pattern': 'Printed'}, {'Suitable For': 'Fusion Wear'}, {'Brand Fit': 'Athletic'}, {'Sleeve Type': 'Wide'}, {'Reversible': 'No'}, {'Fabric Care': 'Use Detergent for Colors, Wash with Similar Colors'}, {'Other Details': 'No Feel front graphic'}, {'Brand Color': 'White'}]",
"[{'Style Code': 'COOL-TS134_AML_M'}, {'Closure': 'Elastic'}, {'Pockets': 'Side Pockets'}, {'Fly': 'Elastic'}, {'Fabric Care': 'Normal Wash At 40c, Do not dry clean Do not bleach, Do not iron, Drip dry in shade Wash in like colours .Wash inside out'}, {'Rise in inch': '34 inch'}, {'Hip in inch': '32 inch'}, {'Waist in inch': '30 inch'}, {'Sales Package': '1'}, {'Fabric': 'Cotton Blend'}, {'Pattern': 'Solid'}, {'Color': 'Grey'}, {'Generic Name': 'Track Pants'}, {'Country of Origin': 'India'}]",
"[{'Type': 'Round or Crew'}, {'Sleeve': 'Half Sleeve'}, {'Fit': 'Regular'}, {'Fabric': 'Cotton Blend'}, {'Sales Package': '1'}, {'Pack of': '1'}, {'Style Code': '84374903'}, {'Neck Type': 'Round or Crew'}, {'Ideal For': 'Men'}, {'Size': 'S'}, {'Pattern': 'Printed'}, {'Suitable For': 'Western Wear'}, {'Brand Fit': 'Regular'}, {'Reversible': 'No'}, {'Fabric Care': 'Machine wash as per tag'}, {'Model Name': 'Medium'}, {'Brand Color': 'Medium Gray Heather'}]",
"[{'Fabric': 'Microfiber Actiwick™'}, {'Color': 'Red'}, {'Style Code': 'IPL - KXIP- Actiwick™ cap'}, {'Occasion': 'Sports, Lounge Wear, Party, Formal, Beach Wear, Casual'}, {'Fabric Care': 'Tumble dry'}, {'Sales Package': '1 cap'}]",
TSHEDKJXHSGEKNDZ,
TSHE6EVBAQBMMNUP,
"[{'Style Code': '85175406'}, {'Closure': 'Elastic'}, {'Pockets': 'Side Pockets'}, {'Fabric Care': 'Machine Wash'}, {'Sales Package': '1'}, {'Fabric': 'Cotton Blend'}, {'Pattern': 'Solid'}, {'Color': 'Blue'}, {'Domestic Warranty': '3 Months'}]",
"[{'Color': 'Black'}, {'Fabric': 'Cotton Blend'}, {'Pattern': 'Solid'}, {'Neck': 'Crew Neck'}, {'Sleeve': 'Full Sleeve'}, {'Style Code': '58346401'}, {'Sales Package': '1 Sweatshirt'}, {'Occasion': 'Casual'}, {'Hooded': 'No'}, {'Reversible': 'No'}, {'Suitable For': 'Western Wear'}, {'Model Name': 'EVOSTRIPE Crew'}, {'Fabric Care': 'Machine Wash as per Tag'}, {'Domestic Warranty': '3 Months'}]",
"['https://rukminim1.flixcart.com/image/128/128/kjem3rk0-0/vest/h/r/s/105-tit-dyed-rn-po3-btm-105-tt-original-imafyzazn6hz8avn.jpeg?q=70', 'https://rukminim1.flixcart.com/image/128/128/kjem3rk0-0/vest/s/d/o/105-tit-dyed-rn-po3-btm-105-tt-original-imafyzazqph877z4.jpeg?q=70', 'https://rukminim1.flixcart.com/image/128/128/kjem3rk0-0/vest/r/4/i/105-tit-dyed-rn-po3-btm-105-tt-original-imafyzaz4xjfrbyp.jpeg?q=70', 'https://rukminim1.flixcart.com/image/128/128/kjem3rk0-0/vest/0/t/f/105-tit-dyed-rn-po3-btm-105-tt-original-imafyzazkytyvvag.jpeg?q=70', 'https://rukminim1.flixcart.com/image/128/128/kjem3rk0-0/vest/i/y/q/105-tit-dyed-rn-po3-btm-105-tt-original-imafyzaz8urqfzeb.jpeg?q=70']",
enjoy,
"[{'Type': 'Polo Neck'}, {'Sleeve': 'Half Sleeve'}, {'Fabric': 'Cotton Blend'}, {'Sales Package': '1 T Shirt'}, {'Pack of': '1'}, {'Style Code': '1001344'}, {'Neck Type': 'Polo Neck'}, {'Ideal For': 'Men'}, {'Size': 'XL'}, {'Pattern': 'Solid'}, {'Fabric Care': 'Cool Iron, Do Not Iron On Print, Do Not Bleach, Wash Dark Colors Separately, Gentle Cycle, Machine Wash Cold'}, {'Brand Color': 'Black'}]",
"[{'Type': 'Round Neck'}, {'Sleeve': 'Half Sleeve'}, {'Fit': 'Slim'}, {'Fabric': 'Polycotton'}, {'Sales Package': '1 T Shirt'}, {'Pack of': '1'}, {'Style Code': '1003175'}, {'Neck Type': 'Round Neck'}, {'Ideal For': 'Men'}, {'Size': 'XL'}, {'Pattern': 'Solid'}, {'Suitable For': 'Western Wear'}, {'Brand Fit': 'slim fit'}, {'Fabric Care': 'Wash with like colors, Gentle Machine Wash, Dry in shade'}, {'Brand Color': 'YELLOW'}]",
SWSEDMZDHYRRUATG,
"['https://rukminim1.flixcart.com/image/128/128/kjym9ow0/vest/w/5/r/75-tit-gym-1006-po3-bbr-tt-original-imafzf3qt8ufzgh2.jpeg?q=70', 'https://rukminim1.flixcart.com/image/128/128/kjym9ow0/vest/c/f/m/80-tit-gym-1006-po2-bo-bg-tt-original-imafzf3qecyugfea.jpeg?q=70', 'https://rukminim1.flixcart.com/image/128/128/kjym9ow0/vest/t/y/5/80-tit-gym-1006-po2-bo-bg-tt-original-imafzf3qyxgavjyt.jpeg?q=70', 'https://rukminim1.flixcart.com/image/128/128/kjym9ow0/vest/i/s/6/80-tit-gym-1006-po2-bo-bg-tt-original-imafzf3qcc5yh3an.jpeg?q=70', 'https://rukminim1.flixcart.com/image/128/128/kjym9ow0/vest/j/v/u/95-tit-gym-1006-po3-brb-tt-original-imafzf3qw5psfnpx.jpeg?q=70']",
HKFFVM7SQDG6E2VJ,
"['https://rukminim1.flixcart.com/image/128/128/kjabs7k0-0/t-shirt/s/7/8/s-ts148-po3-bwb-tt-original-imafyvufssyhvgk4.jpeg?q=70', 'https://rukminim1.flixcart.com/image/128/128/kjabs7k0-0/t-shirt/e/m/o/xl-ts148-po2-blk-wht-tt-original-imafyvufvuyvzvfu.jpeg?q=70', 'https://rukminim1.flixcart.com/image/128/128/kjabs7k0-0/t-shirt/2/a/p/xl-ts148-po2-blk-wht-tt-original-imafyvufvzzeeuqj.jpeg?q=70', 'https://rukminim1.flixcart.com/image/128/128/kjabs7k0-0/t-shirt/w/f/d/m-ts148-po2-mrn-blu-tt-original-imafyvuftvppfmu7.jpeg?q=70', 'https://rukminim1.flixcart.com/image/128/128/kjabs7k0-0/t-shirt/z/n/c/xl-ts148-po2-blk-wht-tt-original-imafyvufd9ybzytg.jpeg?q=70']",
"['https://rukminim1.flixcart.com/image/128/128/kjym9ow0/vest/d/b/f/85-tit-gym-1010-po2-br-rb-tt-original-imafzf3qdewhgvgs.jpeg?q=70', 'https://rukminim1.flixcart.com/image/128/128/kjym9ow0/vest/h/d/z/85-tit-gym-1010-po2-br-rb-tt-original-imafzf3q8myehpfg.jpeg?q=70', 'https://rukminim1.flixcart.com/image/128/128/kjym9ow0/vest/w/q/f/85-tit-gym-1010-po2-br-rb-tt-original-imafzf3qkejjnqfz.jpeg?q=70', 'https://rukminim1.flixcart.com/image/128/128/kjym9ow0/vest/l/m/j/85-tit-gym-1010-po2-br-rb-tt-original-imafzf3qxugmfkr7.jpeg?q=70', 'https://rukminim1.flixcart.com/image/128/128/kjym9ow0/vest/n/t/t/85-tit-gym-1010-po2-br-rb-tt-original-imafzf3qqyb94k6q.jpeg?q=70']",
and fashion for the first time. Today,
our love for the game only grows stronger. This one8 polo is the perfect one to sport while you cheer for Virat and team,
"[{'Type': 'Round Neck'}, {'Sleeve': 'Half Sleeve'}, {'Fit': 'Regular'}, {'Fabric': 'Nylon'}, {'Sales Package': '1 Tshirt'}, {'Pack of': '1'}, {'Style Code': 'KXIP NEON JERSEY - Green'}, {'Neck Type': 'Round Neck'}, {'Ideal For': 'Men'}, {'Size': 'S'}, {'Pattern': 'Solid'}, {'Suitable For': 'Western Wear'}, {'Brand Fit': 'Athletic'}, {'Sleeve Type': 'Narrow'}, {'Reversible': 'No'}, {'Fabric Care': 'Use Detergent for Colors, Wash with Similar Colors'}, {'Other Details': 'No Feel Graphic'}, {'Brand Color': 'Green'}]",
"[{'Type': 'Polo Neck'}, {'Sleeve': 'Half Sleeve'}, {'Fit': 'Regular'}, {'Fabric': 'Cotton Blend'}, {'Sales Package': '1 Tshirt'}, {'Pack of': '1'}, {'Style Code': 'KXIP HERRINGBONE POLO - Brown'}, {'Neck Type': 'Polo Neck'}, {'Ideal For': 'Men'}, {'Size': 'S'}, {'Pattern': 'Herringbone'}, {'Suitable For': 'Western Wear'}, {'Brand Fit': 'Athletic'}, {'Sleeve Type': 'Narrow'}, {'Reversible': 'No'}, {'Fabric Care': 'Use Detergent for Colors, Wash with Similar Colors'}, {'Other Details': 'Button Down Placket'}, {'Brand Color': 'Brown'}]",
"[{'Type': 'Polo Neck'}, {'Sleeve': 'Half Sleeve'}, {'Fit': 'Regular'}, {'Fabric': 'Cotton Blend'}, {'Sales Package': '1 Tshirt'}, {'Pack of': '1'}, {'Style Code': 'KXIP OFFICIAL INDIA SQUASH POLO'}, {'Neck Type': 'Polo Neck'}, {'Ideal For': 'Men'}, {'Size': 'L'}, {'Pattern': 'Graphic Print'}, {'Suitable For': 'Western Wear'}, {'Brand Fit': 'Athletic'}, {'Sleeve Type': 'Narrow'}, {'Reversible': 'No'}, {'Fabric Care': 'Use Detergent for Colors, Wash with Similar Colors'}, {'Other Details': 'Button Down Placket'}, {'Brand Color': 'ROYAL BLUE'}]",
"[{'Style Code': 'COOL-TS134_GML_L'}, {'Closure': 'Elastic'}, {'Pockets': 'Side Pockets'}, {'Fly': 'Elastic'}, {'Fabric Care': 'Normal Wash At 40c, Do not dry clean Do not bleach, Do not iron, Drip dry in shade Wash in like colours .Wash inside out'}, {'Rise in inch': '34 inch'}, {'Hip in inch': '34 inch'}, {'Waist in inch': '32 inch'}, {'Sales Package': '1Joggers'}, {'Fabric': 'Cotton Blend'}, {'Pattern': 'Solid'}, {'Color': 'Grey'}, {'Generic Name': 'Track Pants'}, {'Country of Origin': 'India'}]",
"[{'Style Code': '65593301'}, {'Closure': 'Elastic'}, {'Pockets': 'Side Pockets'}, {'Fabric Care': 'Machine Wash'}, {'Sales Package': '1'}, {'Fabric': 'Cotton Blend'}, {'Pattern': 'Solid'}, {'Color': 'Black'}, {'Domestic Warranty': '3 Months'}, {'Generic Name': 'Track Pants'}, {'Country of Origin': 'India'}]",
"[{'Type': 'Round Neck'}, {'Sleeve': 'Half Sleeve'}, {'Fit': 'Regular'}, {'Fabric': 'Polycotton'}, {'Sales Package': '1'}, {'Pack of': '1'}, {'Style Code': '85416701'}, {'Neck Type': 'Round Neck'}, {'Ideal For': 'Men'}, {'Size': 'M'}, {'Pattern': 'Printed'}, {'Suitable For': 'Western Wear'}, {'Brand Fit': 'Regular'}, {'Reversible': 'No'}, {'Fabric Care': 'Machine wash as per tag'}, {'Model Name': 'Tec Sports Evoknit'}, {'Brand Color': 'Black'}]",
[],
"[{'Type': 'Polo Neck'}, {'Sleeve': 'Half Sleeve'}, {'Fit': 'Regular'}, {'Fabric': 'Cotton Blend'}, {'Sales Package': '1 Tshirt'}, {'Pack of': '1'}, {'Style Code': 'HERRINGBONE POLO - Black'}, {'Neck Type': 'Polo Neck'}, {'Ideal For': 'Men'}, {'Size': 'XXL'}, {'Pattern': 'Herringbone'}, {'Suitable For': 'Western Wear'}, {'Brand Fit': 'Athletic'}, {'Sleeve Type': 'Narrow'}, {'Reversible': 'No'}, {'Fabric Care': 'Use Detergent for Colors, Wash with Similar Colors'}, {'Other Details': 'Button Down Placket'}, {'Brand Color': 'Black'}]",
"[{'Type': 'Round Neck'}, {'Sleeve': 'Half Sleeve'}, {'Fit': 'Regular'}, {'Fabric': 'Cotton Blend'}, {'Sales Package': '1 Tshirt'}, {'Pack of': '1'}, {'Style Code': 'KXIP BEE-HIVE JERSEY'}, {'Neck Type': 'Round Neck'}, {'Ideal For': 'Men'}, {'Size': 'S'}, {'Pattern': 'Graphic Print'}, {'Suitable For': 'Western Wear'}, {'Brand Fit': 'Athletic'}, {'Sleeve Type': 'Narrow'}, {'Reversible': 'No'}, {'Fabric Care': 'Use Detergent for Colors, Wash with Similar Colors'}, {'Other Details': 'back graphic print'}, {'Brand Color': 'Dark Green'}]",
"[{'Type': 'Polo Neck'}, {'Sleeve': 'Half Sleeve'}, {'Fabric': 'Polycotton'}, {'Sales Package': '1 T Shirt'}, {'Pack of': '1'}, {'Style Code': '1001567'}, {'Neck Type': 'Polo Neck'}, {'Ideal For': 'Men'}, {'Size': 'M'}, {'Pattern': 'Solid'}, {'Fabric Care': 'Cool Iron, Do Not Iron On Print, Do Not Bleach, Wash Dark Colors Separately, Gentle Cycle, Machine Wash Cold'}, {'Brand Color': 'BLACK'}]",
"[{'Type': 'Round Neck'}, {'Sleeve': 'Half Sleeve'}, {'Fit': 'Regular'}, {'Fabric': 'Polyester'}, {'Sales Package': '1'}, {'Pack of': '1'}, {'Style Code': '855616'}, {'Neck Type': 'Round Neck'}, {'Ideal For': 'Men'}, {'Size': 'S'}, {'Pattern': 'Self Design'}, {'Suitable For': 'Western Wear'}, {'Brand Fit': 'Regular Fit'}, {'Reversible': 'No'}, {'Fabric Care': 'Machine wash as per tag'}, {'Model Name': 'Evoknit Basic Tee'}, {'Brand Color': 'Black'}]",
TSHEDKJX9GGV4QRF,
"['https://rukminim1.flixcart.com/image/128/128/kjym9ow0/vest/o/t/l/100-tit-gym-1011-po3-bgb-tt-original-imafzf3rzekna8t3.jpeg?q=70', 'https://rukminim1.flixcart.com/image/128/128/kjym9ow0/vest/d/w/2/100-tit-gym-1011-po3-bgb-tt-original-imafzf3r79wjgdek.jpeg?q=70', 'https://rukminim1.flixcart.com/image/128/128/kjym9ow0/vest/u/o/x/100-tit-gym-1011-po3-bgb-tt-original-imafzf3rjcmyxgxz.jpeg?q=70', 'https://rukminim1.flixcart.com/image/128/128/kjym9ow0/vest/d/b/d/85-tit-gym-1011-po2-gb-br-tt-original-imafzf3qwhhkz7gz.jpeg?q=70', 'https://rukminim1.flixcart.com/image/128/128/kjym9ow0/vest/l/r/w/100-tit-gym-1011-po3-bgb-tt-original-imafzf3r3mph3pmj.jpeg?q=70']",
"[{'Type': 'V-neck'}, {'Sleeve': 'Half Sleeve'}, {'Fabric': 'Polycotton'}, {'Sales Package': '1 T Shirt'}, {'Pack of': '1'}, {'Style Code': '1003303'}, {'Neck Type': 'V-neck'}, {'Ideal For': 'Men'}, {'Size': 'L'}, {'Pattern': 'Solid'}, {'Fabric Care': 'Cool Iron, Do Not Iron On Print, Do Not Bleach, Wash Dark Colors Separately, Gentle Cycle, Machine Wash Cold'}, {'Brand Color': 'ROYAL BLUE'}]",
TRKEPC7FUUKN6VZU,
"[{'Style Code': 'COOL-TS134_AML_XXL'}, {'Closure': 'Elastic'}, {'Pockets': 'Side Pockets'}, {'Fly': 'Elastic'}, {'Fabric Care': 'Normal Wash At 40c, Do not dry clean Do not bleach, Do not iron, Drip dry in shade Wash in like colours .Wash inside out'}, {'Rise in inch': '34 inch'}, {'Hip in inch': '38 inch'}, {'Waist in inch': '36 inch'}, {'Sales Package': '1'}, {'Fabric': 'Cotton Blend'}, {'Pattern': 'Solid'}, {'Color': 'Grey'}, {'Generic Name': 'Track Pants'}, {'Country of Origin': 'India'}]",
"[{'Color': 'Green'}, {'Fabric': 'Cotton Blend'}, {'Pattern': 'Color Block'}, {'Neck': 'Hooded Neck'}, {'Sleeve': 'Full Sleeve'}, {'Style Code': '58346570'}, {'Sales Package': '1 Sweatshirt'}, {'Occasion': 'Casual'}, {'Hooded': 'Yes'}, {'Reversible': 'No'}, {'Suitable For': 'Western Wear'}, {'Model Name': 'EVOSTRIPE Hoodie'}, {'Fabric Care': 'Machine Wash as per Tag'}, {'Domestic Warranty': '3 Months'}]",
"[{'Color': 'Multicolor'}, {'Fabric': 'Cotton Blend'}, {'Pattern': 'Printed'}, {'Style Code': 'PS-PO2-PBWCT_PBWS'}, {'Pack of': '2'}]",
TSHFGNHMYVWZT9VR,
"['https://rukminim1.flixcart.com/image/128/128/kk1h5e80/vest/u/w/0/90-tit-gym-1001-po2-br-ng-tt-original-imafzgzdpdugzuyn.jpeg?q=70', 'https://rukminim1.flixcart.com/image/128/128/kk1h5e80/vest/b/a/x/90-tit-gym-1001-po2-br-ng-tt-original-imafzgzd6vndagge.jpeg?q=70', 'https://rukminim1.flixcart.com/image/128/128/kk1h5e80/vest/r/8/s/90-tit-gym-1001-po2-br-ng-tt-original-imafzgzdw7bpxxzf.jpeg?q=70', 'https://rukminim1.flixcart.com/image/128/128/kk1h5e80/vest/6/z/g/95-tit-gym-1001-po3-bgn-tt-original-imafzgzdrjcgwfmh.jpeg?q=70', 'https://rukminim1.flixcart.com/image/128/128/kk1h5e80/vest/2/p/o/95-tit-gym-1001-po3-bgn-tt-original-imafzgzddfwzqtzh.jpeg?q=70']",
"[{'Type': 'Polo Neck'}, {'Sleeve': 'Half Sleeve'}, {'Fit': 'Regular'}, {'Fabric': 'Cotton Blend'}, {'Sales Package': '1'}, {'Pack of': '1'}, {'Style Code': '57779002'}, {'Neck Type': 'Polo Neck'}, {'Ideal For': 'Men'}, {'Size': 'XL'}, {'Pattern': 'Printed'}, {'Suitable For': 'Western Wear'}, {'Brand Fit': 'Regular'}, {'Reversible': 'No'}, {'Fabric Care': 'Machine wash as per tag'}, {'Model Name': 'BMW MMS'}, {'Brand Color': 'White'}]",
"[{'Type': 'Round Neck'}, {'Sleeve': 'Half Sleeve'}, {'Fit': 'Regular'}, {'Fabric': 'Polycotton'}, {'Sales Package': '1 Tshirt'}, {'Pack of': '1'}, {'Style Code': 'KXIP BAMBOO CHARCOAL CREW NECK'}, {'Neck Type': 'Round Neck'}, {'Ideal For': 'Men'}, {'Size': 'XXL'}, {'Pattern': 'Solid'}, {'Suitable For': 'Western Wear'}, {'Brand Fit': 'Athletic'}, {'Sleeve Type': 'Narrow'}, {'Reversible': 'No'}, {'Fabric Care': 'Use Detergent for Colors, Wash with Similar Colors'}, {'Other Details': 'Crew Neck Placket'}, {'Brand Color': 'Red'}]",
SWSFDGRHZKMJ6YGY,
SOCDKY7EVZ2UGZZ5,
"['https://rukminim1.flixcart.com/image/128/128/kjem3rk0-0/vest/z/i/g/105-tit-dyed-rn-po3-nbs-105-tt-original-imafyzamej9eukqj.jpeg?q=70', 'https://rukminim1.flixcart.com/image/128/128/kjem3rk0-0/vest/1/x/s/105-tit-dyed-rn-po3-nbs-105-tt-original-imafyzampk4agvap.jpeg?q=70', 'https://rukminim1.flixcart.com/image/128/128/kjem3rk0-0/vest/t/s/l/105-tit-dyed-rn-po3-nbs-105-tt-original-imafyzamgr5g7s6d.jpeg?q=70', 'https://rukminim1.flixcart.com/image/128/128/kjem3rk0-0/vest/9/m/m/105-tit-dyed-rn-po3-nbs-105-tt-original-imafyzamceqbafqc.jpeg?q=70', 'https://rukminim1.flixcart.com/image/128/128/kjem3rk0-0/vest/f/p/6/105-tit-dyed-rn-po3-nbs-105-tt-original-imafyzampjt7bddh.jpeg?q=70']",
SOCDZAN8JNTHSTQG,
Do not dry clean,
"[{'Pack of': '1'}, {'Model Name': 'Security Guard shirt'}, {'Style Code': 'fabindi'}, {'Closure': 'Button'}, {'Fit': 'Regular'}, {'Fabric': 'Polycotton'}, {'Sleeve': 'Full Sleeve'}, {'Pattern': 'Solid'}, {'Reversible': 'No'}, {'Collar': 'Spread'}, {'Color': 'Light Blue'}, {'Fabric Care': 'Regular Machine Wash'}, {'Suitable For': 'Western Wear'}, {'Hem': 'Straight'}, {'Pockets': '2'}, {'Generic Name': 'Shirt'}, {'Country of Origin': 'India'}]",
"[{'Type': 'V-neck'}, {'Sleeve': 'Half Sleeve'}, {'Fit': 'Regular'}, {'Fabric': 'MIcrolite'}, {'Sales Package': '1 Tshirt'}, {'Pack of': '1'}, {'Style Code': 'KXIP MICRO LITE TEMPO JERSEY'}, {'Neck Type': 'V-neck'}, {'Ideal For': 'Men'}, {'Size': 'XXL'}, {'Pattern': 'Graphic Print'}, {'Suitable For': 'Western Wear'}, {'Brand Fit': 'Athletic'}, {'Sleeve Type': 'Narrow'}, {'Reversible': 'No'}, {'Fabric Care': 'Use Detergent for Colors, Wash with Similar Colors'}, {'Other Details': 'No feel graphic'}, {'Brand Color': 'Dark green'}]",
"[{'Type': 'Polo Neck'}, {'Sleeve': 'Half Sleeve'}, {'Fabric': 'Cotton Blend'}, {'Sales Package': '1 T Shirt'}, {'Pack of': '1'}, {'Style Code': '1001350'}, {'Neck Type': 'Polo Neck'}, {'Ideal For': 'Men'}, {'Size': 'XXL'}, {'Pattern': 'Solid'}, {'Fabric Care': 'Cool Iron, Do Not Iron On Print, Do Not Bleach, Wash Dark Colors Separately, Gentle Cycle, Machine Wash Cold'}, {'Brand Color': 'BRIGHT GREY'}]",
TSHEDKJXJRZJGHYY,
"[{'Type': 'V-neck'}, {'Sleeve': 'Half Sleeve'}, {'Fit': 'Regular'}, {'Fabric': 'Cotton Blend'}, {'Sales Package': '1 T Shirt'}, {'Pack of': '1'}, {'Style Code': 'Argentina Fan Jersey'}, {'Neck Type': 'V-neck'}, {'Ideal For': 'Men'}, {'Size': 'M'}, {'Pattern': 'Printed'}, {'Suitable For': 'Western Wear'}, {'Brand Fit': 'Athletic'}, {'Sleeve Type': 'Wide'}, {'Reversible': 'No'}, {'Character': 'Spain'}, {'Fabric Care': 'Use Detergent for Colors, Wash with Similar Colors'}, {'Other Details': 'Fan Jersey'}, {'Brand Color': 'White, Blue'}]",
"['https://rukminim1.flixcart.com/image/128/128/kjym9ow0/vest/y/i/k/100-tit-gym-1010-po2-gb-br-tt-original-imafzf3rkhbjgbws.jpeg?q=70', 'https://rukminim1.flixcart.com/image/128/128/kjym9ow0/vest/h/d/z/85-tit-gym-1010-po2-br-rb-tt-original-imafzf3q8myehpfg.jpeg?q=70', 'https://rukminim1.flixcart.com/image/128/128/kjym9ow0/vest/w/q/f/85-tit-gym-1010-po2-br-rb-tt-original-imafzf3qkejjnqfz.jpeg?q=70', 'https://rukminim1.flixcart.com/image/128/128/kjym9ow0/vest/d/2/m/100-tit-gym-1010-po2-gb-br-tt-original-imafzf3rfh6vzr2f.jpeg?q=70', 'https://rukminim1.flixcart.com/image/128/128/kjym9ow0/vest/q/i/f/100-tit-gym-1010-po2-gb-br-tt-original-imafzf3rfszzuzn6.jpeg?q=70']",
"[{'Color': 'White'}, {'Fabric': 'Cotton Blend'}, {'Pattern': 'Printed'}, {'Style Code': 'PBWP36F'}, {'Pack of': '1'}]",
"[{'Style Code': 'TS134Navy'}, {'Closure': 'Elastic'}, {'Pockets': 'Side Pockets'}, {'Fly': 'Elastic'}, {'Fabric Care': 'Normal Wash At 40c, Do not dry clean Do not bleach, Do not iron, Drip dry in shade Wash in like colours .Wash inside out'}, {'Rise in inch': '34 inch'}, {'Hip in inch': '36 inch'}, {'Waist in inch': '34 inch'}, {'Sales Package': '1Joggers'}, {'Fabric': 'Cotton Blend'}, {'Pattern': 'Solid'}, {'Color': 'Blue'}, {'Generic Name': 'Track Pants'}, {'Country of Origin': 'India'}]",
"['https://rukminim1.flixcart.com/image/128/128/kj8wccw0-0/t-shirt/j/h/b/m-ts149-po3-myb-tt-original-imafyv3ezrhsju4g.jpeg?q=70', 'https://rukminim1.flixcart.com/image/128/128/kj8wccw0-0/t-shirt/t/e/s/m-ts149-po3-myb-tt-original-imafyv3efgqekfnc.jpeg?q=70', 'https://rukminim1.flixcart.com/image/128/128/kj8wccw0-0/t-shirt/5/6/e/m-ts149-po3-myb-tt-original-imafyv3epcfrjsmj.jpeg?q=70', 'https://rukminim1.flixcart.com/image/128/128/kj8wccw0-0/t-shirt/b/h/3/m-ts149-po3-myb-tt-original-imafyv3enzy87zkg.jpeg?q=70', 'https://rukminim1.flixcart.com/image/128/128/kj8wccw0-0/t-shirt/g/i/m/m-ts149-po3-myb-tt-original-imafyv3emmd42ez3.jpeg?q=70']",
"['https://rukminim1.flixcart.com/image/128/128/kjd6nww0-0/t-shirt/w/h/q/l-ts148-po5-mix3-tt-original-imafyygh9ahyhhsk.jpeg?q=70', 'https://rukminim1.flixcart.com/image/128/128/kjabs7k0-0/t-shirt/e/m/o/xl-ts148-po2-blk-wht-tt-original-imafyvufvuyvzvfu.jpeg?q=70', 'https://rukminim1.flixcart.com/image/128/128/kjabs7k0-0/t-shirt/w/8/v/m-ts148-po2-red-nvy-tt-original-imafyvufzxz8mjuu.jpeg?q=70', 'https://rukminim1.flixcart.com/image/128/128/kjabs7k0-0/t-shirt/7/f/v/xl-ts148-po3-ark-tt-original-imafyvufuehwgprm.jpeg?q=70', 'https://rukminim1.flixcart.com/image/128/128/kjabs7k0-0/t-shirt/c/v/t/m-ts148-po5-mix1-tt-original-imafyvufezdz4eqd.jpeg?q=70']",
"Long Lasting Print.\"",
SRTEHC32JA6G4VMG,
"[{'Type': 'Polo Neck'}, {'Sleeve': 'Half Sleeve'}, {'Fabric': 'Cotton Blend'}, {'Sales Package': '1 T Shirt'}, {'Pack of': '1'}, {'Style Code': '1001357'}, {'Neck Type': 'Polo Neck'}, {'Ideal For': 'Men'}, {'Size': 'M'}, {'Pattern': 'Solid'}, {'Fabric Care': 'Cool Iron, Do Not Iron On Print, Do Not Bleach, Wash Dark Colors Separately, Gentle Cycle, Machine Wash Cold'}, {'Brand Color': 'WHITE'}]",
HKFFVM7SAN62PYXY,
"[{'Type': 'Polo Neck'}, {'Sleeve': 'Half Sleeve'}, {'Fabric': 'Polycotton'}, {'Sales Package': '1 T Shirt'}, {'Pack of': '1'}, {'Style Code': '1003133'}, {'Neck Type': 'Polo Neck'}, {'Ideal For': 'Men'}, {'Size': 'L'}, {'Pattern': 'Solid'}, {'Fabric Care': 'Cool Iron, Do Not Iron On Print, Do Not Bleach, Wash Dark Colors Separately, Gentle Cycle, Machine Wash Cold'}, {'Brand Color': 'WHITE'}]",
"[{'Fit': 'Regular Fit'}, {'Occasion': 'Formal'}, {'Color': 'Black'}, {'Pack of': '1'}, {'Type': 'Tailored Trousers'}, {'Suitable For': 'Western Wear'}, {'Belt Loops': 'Yes'}, {'Rise': 'Mid'}, {'Pattern': 'Solid'}, {'Fabric': 'Polyester Viscose Blend'}, {'Pleats': 'Not Pleated'}, {'Fabric Care': 'Machine wash as per tag'}, {'Fly': 'Zipper'}, {'Fabric Details': 'Polyester Viscose'}, {'Generic Name': 'Trousers'}]",
TSHE282P4CJJKDHQ,
"['https://rukminim1.flixcart.com/image/128/128/kj8wccw0-0/t-shirt/4/z/s/m-ts149-po3-nbt-tt-original-imafyv3en3gkpxz8.jpeg?q=70', 'https://rukminim1.flixcart.com/image/128/128/kj8wccw0-0/t-shirt/y/3/e/m-ts149-po3-nbt-tt-original-imafyv3ecjazsxjh.jpeg?q=70', 'https://rukminim1.flixcart.com/image/128/128/kj8wccw0-0/t-shirt/z/e/r/m-ts149-po3-nbt-tt-original-imafyv3ejpgy3gqz.jpeg?q=70', 'https://rukminim1.flixcart.com/image/128/128/kj8wccw0-0/t-shirt/2/i/x/m-ts149-po3-nbt-tt-original-imafyv3ewgdrp7g5.jpeg?q=70', 'https://rukminim1.flixcart.com/image/128/128/kj8wccw0-0/t-shirt/r/3/t/m-ts149-po3-nbt-tt-original-imafyv3exnw6vpwz.jpeg?q=70']",
"[{'Color': 'Black'}, {'Pattern': 'Solid'}, {'Ideal For': 'Men'}, {'Occasion': 'Sports'}, {'Fabric': 'Nylon Blend, Cotton Blend'}, {'Type': 'Ankle Length Socks'}, {'Style': 'Logo Near Cuffs, Cushioned Foot for Comfort'}, {'Number of Contents in Sales Package': 'Pack of 3'}, {'': 'Do Not Iron, Do Not Bleach, Machine Wash at 40&deg;C, Wash Dark Colors Separately, Do Not Tumble Dry, Do Not Dry Clean'}, {'Style Code': 'IN91072904'}, {'Other Details': 'Ribbed Cuffs'}, {'Generic Name': 'Socks'}, {'Country of Origin': 'India'}]",
"[{'Type': 'Fashion Neck'}, {'Sleeve': 'Short Sleeve'}, {'Fit': 'Regular'}, {'Fabric': 'Polycotton'}, {'Pack of': '1'}, {'Style Code': 'INDIA-2016'}, {'Neck Type': 'Fashion Neck'}, {'Ideal For': 'Men'}, {'Size': 'S'}, {'Pattern': 'Printed'}, {'Suitable For': 'Western Wear'}, {'Brand Fit': 'Athletic'}, {'Brand Color': 'Blue'}]",
"[{'Color': 'Blue'}, {'Fabric': 'Cotton Blend'}, {'Pattern': 'Color Block'}, {'Neck': 'Hooded Neck'}, {'Sleeve': 'Full Sleeve'}, {'Style Code': '58346536'}, {'Sales Package': '1 Sweatshirt'}, {'Occasion': 'Casual'}, {'Hooded': 'Yes'}, {'Reversible': 'No'}, {'Suitable For': 'Western Wear'}, {'Model Name': 'EVOSTRIPE Hoodie'}, {'Fabric Care': 'Machine Wash as per Tag'}, {'Domestic Warranty': '3 Months'}]",
"[{'Type': 'Polo Neck'}, {'Sleeve': 'Half Sleeve'}, {'Fit': 'Regular'}, {'Fabric': 'Polyester'}, {'Sales Package': '1'}, {'Pack of': '1'}, {'Style Code': '577795'}, {'Neck Type': 'Polo Neck'}, {'Ideal For': 'Men'}, {'Size': 'XL'}, {'Pattern': 'Solid'}, {'Suitable For': 'Western Wear'}, {'Brand Fit': 'Regular Fit'}, {'Reversible': 'No'}, {'Fabric Care': 'Machine wash as per tag'}, {'Model Name': 'BMW MMS Tech Polo'}, {'Brand Color': 'White'}]",
"['https://rukminim1.flixcart.com/image/128/128/kjabs7k0-0/t-shirt/3/z/f/xl-ts148-po3-ark-tt-original-imafyvufegyufheg.jpeg?q=70', 'https://rukminim1.flixcart.com/image/128/128/kjabs7k0-0/t-shirt/t/2/q/xl-ts148-po3-ark-tt-original-imafyvufzhyaqhwh.jpeg?q=70', 'https://rukminim1.flixcart.com/image/128/128/kjabs7k0-0/t-shirt/7/f/v/xl-ts148-po3-ark-tt-original-imafyvufuehwgprm.jpeg?q=70', 'https://rukminim1.flixcart.com/image/128/128/kjabs7k0-0/t-shirt/j/r/c/xl-ts148-po3-ark-tt-original-imafyvufgxa86ca8.jpeg?q=70', 'https://rukminim1.flixcart.com/image/128/128/kjabs7k0-0/t-shirt/c/v/t/m-ts148-po5-mix1-tt-original-imafyvufezdz4eqd.jpeg?q=70']",
"[{'Type': 'Polo Neck'}, {'Sleeve': 'Short Sleeve'}, {'Fit': 'Regular'}, {'Fabric': 'Cotton Blend'}, {'Sales Package': '1'}, {'Pack of': '1'}, {'Style Code': '57780602'}, {'Neck Type': 'Polo Neck'}, {'Ideal For': 'Men'}, {'Size': 'S'}, {'Pattern': 'Solid'}, {'Suitable For': 'Western Wear'}, {'Brand Fit': 'Regular'}, {'Reversible': 'No'}, {'Fabric Care': 'Machine wash as per tag'}, {'Model Name': 'MAPM Mercedes Team'}, {'Brand Color': 'Mercedes Team Silver'}]",
"[{'Type': 'Polo Neck'}, {'Sleeve': 'Half Sleeve'}, {'Fit': 'Regular'}, {'Fabric': 'Cotton Blend'}, {'Sales Package': '1 Tshirt'}, {'Pack of': '1'}, {'Style Code': 'KXIP HERRINGBONE POLO - BLACK'}, {'Neck Type': 'Polo Neck'}, {'Ideal For': 'Men'}, {'Size': 'XL'}, {'Pattern': 'Herringbone'}, {'Suitable For': 'Western Wear'}, {'Brand Fit': 'Athletic'}, {'Sleeve Type': 'Narrow'}, {'Reversible': 'No'}, {'Fabric Care': 'Use Detergent for Colors, Wash with Similar Colors'}, {'Other Details': 'Button Down Placket'}, {'Brand Color': 'Black'}]",
"['https://rukminim1.flixcart.com/image/128/128/jeykeq80/sock/3/z/d/l-91071901-puma-original-imaf3jfyfet6ggys.jpeg?q=70', 'https://rukminim1.flixcart.com/image/128/128/jeykeq80/sock/3/z/d/l-91071901-puma-original-imaf3jfywmqufmz2.jpeg?q=70', 'https://rukminim1.flixcart.com/image/128/128/sock/s/s/6/91071901-kap-puma-42-original-imadxspsyabqbh2p.jpeg?q=70', 'https://rukminim1.flixcart.com/image/128/128/sock/c/k/q/91071901-puma-free-original-imadmerhcgtshuc2.jpeg?q=70', 'https://rukminim1.flixcart.com/image/128/128/jeykeq80/sock/3/z/d/l-91071901-puma-original-imaf3jfyaq47qga4.jpeg?q=70', 'https://rukminim1.flixcart.com/image/128/128/sock/s/s/6/91071901-kap-puma-42-original-imadxspswtztrgmu.jpeg?q=70', 'https://rukminim1.flixcart.com/image/128/128/sock/c/k/q/91071901-puma-free-original-imadmes5zzanumpz.jpeg?q=70', 'https://rukminim1.flixcart.com/image/128/128/jeykeq80/sock/3/z/d/l-91071901-puma-original-imaf3jfyyc7gm9pe.jpeg?q=70', 'https://rukminim1.flixcart.com/image/128/128/sock/c/k/q/91071901-puma-free-original-imadmes5h42nuqra.jpeg?q=70', 'https://rukminim1.flixcart.com/image/128/128/jeykeq80/sock/3/z/d/l-91071901-puma-original-imaf3jfyuzqkeanq.jpeg?q=70', 'https://rukminim1.flixcart.com/image/128/128/sock/c/k/q/91071901-puma-free-original-imadmes4zdguuuhw.jpeg?q=70', 'https://rukminim1.flixcart.com/image/128/128/sock/c/k/q/91071901-puma-free-original-imadmes4qgkzdvcz.jpeg?q=70']",
"[{'Style Code': '57785601'}, {'Closure': 'Drawstring'}, {'Pockets': 'Side Pockets'}, {'Fabric Care': 'Machine Wash'}, {'Sales Package': '1'}, {'Fabric': 'Cotton Blend'}, {'Pattern': 'Self Design'}, {'Color': 'Black'}, {'Domestic Warranty': '3 Months'}]",
XL,
"['https://rukminim1.flixcart.com/image/128/128/kj8wccw0-0/t-shirt/c/j/4/m-ts149-po3-bwb-tt-original-imafyv3euvwjbgy3.jpeg?q=70', 'https://rukminim1.flixcart.com/image/128/128/kj8wccw0-0/t-shirt/c/2/8/m-ts149-po3-bwb-tt-original-imafyv3er89a8rrc.jpeg?q=70', 'https://rukminim1.flixcart.com/image/128/128/kj8wccw0-0/t-shirt/f/2/x/m-ts149-po3-bwb-tt-original-imafyv3ebehmkn48.jpeg?q=70', 'https://rukminim1.flixcart.com/image/128/128/kj8wccw0-0/t-shirt/z/f/a/m-ts149-po3-bwb-tt-original-imafyv3ekhqzvywm.jpeg?q=70', 'https://rukminim1.flixcart.com/image/128/128/kj8wccw0-0/t-shirt/i/c/r/m-ts149-po3-bwb-tt-original-imafyv3eamszbhft.jpeg?q=70']",
"[{'Type': 'Round Neck'}, {'Sleeve': 'Half Sleeve'}, {'Fit': 'Regular'}, {'Fabric': 'Nylon'}, {'Sales Package': '1 Tshirt'}, {'Pack of': '1'}, {'Style Code': 'KXIP NEON JERSEY - Orange'}, {'Neck Type': 'Round Neck'}, {'Ideal For': 'Men'}, {'Size': 'S'}, {'Pattern': 'Solid'}, {'Suitable For': 'Western Wear'}, {'Brand Fit': 'Athletic'}, {'Sleeve Type': 'Narrow'}, {'Reversible': 'No'}, {'Fabric Care': 'Use Detergent for Colors, Wash with Similar Colors'}, {'Other Details': 'No Feel Graphic'}, {'Brand Color': 'Orange'}]",
"['https://rukminim1.flixcart.com/image/128/128/kjem3rk0-0/vest/n/8/w/105-tit-dyed-rn-po5-mix-105-tt-original-imafyzauyaeykhcp.jpeg?q=70', 'https://rukminim1.flixcart.com/image/128/128/kjem3rk0-0/vest/s/d/o/105-tit-dyed-rn-po3-btm-105-tt-original-imafyzazqph877z4.jpeg?q=70', 'https://rukminim1.flixcart.com/image/128/128/kjem3rk0-0/vest/0/t/f/105-tit-dyed-rn-po3-btm-105-tt-original-imafyzazkytyvvag.jpeg?q=70', 'https://rukminim1.flixcart.com/image/128/128/kjem3rk0-0/vest/9/m/m/105-tit-dyed-rn-po3-nbs-105-tt-original-imafyzamceqbafqc.jpeg?q=70', 'https://rukminim1.flixcart.com/image/128/128/kjem3rk0-0/vest/f/p/6/105-tit-dyed-rn-po3-nbs-105-tt-original-imafyzampjt7bddh.jpeg?q=70']",
"['https://rukminim1.flixcart.com/image/128/128/kjabs7k0-0/t-shirt/9/s/g/xl-ts148-po2-ylw-grn-tt-original-imafyvufgjbkzaff.jpeg?q=70', 'https://rukminim1.flixcart.com/image/128/128/kjabs7k0-0/t-shirt/k/w/9/l-ts148-po2-ylw-grn-tt-original-imafyvufrsxnn2z9.jpeg?q=70', 'https://rukminim1.flixcart.com/image/128/128/kjabs7k0-0/t-shirt/3/i/y/l-ts148-po2-ylw-grn-tt-original-imafyvufxyzngvq5.jpeg?q=70', 'https://rukminim1.flixcart.com/image/128/128/kjabs7k0-0/t-shirt/y/c/x/m-ts148-po3-nyr-tt-original-imafyvufzzbggqz4.jpeg?q=70', 'https://rukminim1.flixcart.com/image/128/128/kjabs7k0-0/t-shirt/y/s/c/l-ts148-po2-ylw-grn-tt-original-imafyvufbbe2tzr8.jpeg?q=70']",
"[{'Color': 'Multicolor'}, {'Fabric': 'Cotton Blend'}, {'Pattern': 'Printed'}, {'Style Code': 'PS-PO2-PBGP_PBYB'}, {'Pack of': '2'}]",
"[{'Fabric': 'Wool Blend'}, {'Color': 'Blue'}, {'Style Code': 'BEANIE-BLUE-RING-PLAIN.P'}, {'Occasion': 'Casual'}, {'Generic Name': 'Caps'}, {'Country of Origin': 'India'}]",
"[{'Color': 'Dark Blue'}, {'Fabric': 'Cotton Blend'}, {'Pattern': 'Printed'}, {'Style Code': 'PS_BXPP5'}, {'Pack of': '1'}, {'Generic Name': 'Boxers'}, {'Country of Origin': 'India'}]",
"[{'Fabric': 'Wool Blend'}, {'Color': 'Multicolor'}, {'Style Code': 'BEANIE-RING-BLACK AND LIGHT PLAIN.P'}, {'Occasion': 'Casual'}, {'Generic Name': 'Caps'}, {'Country of Origin': 'India'}]",
"['https://rukminim1.flixcart.com/image/128/128/kjabs7k0-0/t-shirt/q/c/t/xl-ts148-po2-blk-wht-tt-original-imafyvufz7v6tbp2.jpeg?q=70', 'https://rukminim1.flixcart.com/image/128/128/kjabs7k0-0/t-shirt/x/x/p/xl-ts148-po2-blk-wht-tt-original-imafyvufypzmrqkx.jpeg?q=70', 'https://rukminim1.flixcart.com/image/128/128/kjabs7k0-0/t-shirt/v/j/m/xl-ts148-po2-blk-wht-tt-original-imafyvufs9d92hyd.jpeg?q=70', 'https://rukminim1.flixcart.com/image/128/128/kjabs7k0-0/t-shirt/2/a/p/xl-ts148-po2-blk-wht-tt-original-imafyvufvzzeeuqj.jpeg?q=70', 'https://rukminim1.flixcart.com/image/128/128/kjabs7k0-0/t-shirt/e/m/o/xl-ts148-po2-blk-wht-tt-original-imafyvufvuyvzvfu.jpeg?q=70', 'https://rukminim1.flixcart.com/image/128/128/kjabs7k0-0/t-shirt/z/n/c/xl-ts148-po2-blk-wht-tt-original-imafyvufd9ybzytg.jpeg?q=70']",
"['https://rukminim1.flixcart.com/image/128/128/kjym9ow0/vest/u/e/i/95-tit-gym-1006-po3-brb-tt-original-imafzf3qqyyhezfc.jpeg?q=70', 'https://rukminim1.flixcart.com/image/128/128/kjym9ow0/vest/1/n/s/95-tit-gym-1006-po3-brb-tt-original-imafzf3qeupexweq.jpeg?q=70', 'https://rukminim1.flixcart.com/image/128/128/kjym9ow0/vest/f/v/6/95-tit-gym-1006-po3-brb-tt-original-imafzf3qrzqwrbgq.jpeg?q=70', 'https://rukminim1.flixcart.com/image/128/128/kjym9ow0/vest/w/a/e/95-tit-gym-1006-po3-brb-tt-original-imafzf3q2jxhudjg.jpeg?q=70', 'https://rukminim1.flixcart.com/image/128/128/kjym9ow0/vest/j/v/u/95-tit-gym-1006-po3-brb-tt-original-imafzf3qw5psfnpx.jpeg?q=70']",
"['https://rukminim1.flixcart.com/image/128/128/kj8wccw0-0/t-shirt/i/f/8/s-ts149-po3-srs-tt-original-imafyv3e2httgzzr.jpeg?q=70', 'https://rukminim1.flixcart.com/image/128/128/kj8wccw0-0/t-shirt/o/q/c/s-ts149-po3-srs-tt-original-imafyv3ejhf7shum.jpeg?q=70', 'https://rukminim1.flixcart.com/image/128/128/kj8wccw0-0/t-shirt/9/p/j/s-ts149-po3-srs-tt-original-imafyv3ey5gm98sv.jpeg?q=70', 'https://rukminim1.flixcart.com/image/128/128/kj8wccw0-0/t-shirt/j/9/i/s-ts149-po3-srs-tt-original-imafyv3ec3uuzynt.jpeg?q=70', 'https://rukminim1.flixcart.com/image/128/128/kj8wccw0-0/t-shirt/y/k/x/s-ts149-po3-srs-tt-original-imafyv3ewvkgyy2y.jpeg?q=70']",
"['https://rukminim1.flixcart.com/image/128/128/kjym9ow0/vest/h/e/c/80-tit-gym-1006-po2-bo-bg-tt-original-imafzf3qzz5j847r.jpeg?q=70', 'https://rukminim1.flixcart.com/image/128/128/kjym9ow0/vest/l/z/2/80-tit-gym-1006-po2-bo-bg-tt-original-imafzf3q4fkczfsd.jpeg?q=70', 'https://rukminim1.flixcart.com/image/128/128/kjym9ow0/vest/c/f/m/80-tit-gym-1006-po2-bo-bg-tt-original-imafzf3qecyugfea.jpeg?q=70', 'https://rukminim1.flixcart.com/image/128/128/kjym9ow0/vest/t/y/5/80-tit-gym-1006-po2-bo-bg-tt-original-imafzf3qyxgavjyt.jpeg?q=70', 'https://rukminim1.flixcart.com/image/128/128/kjym9ow0/vest/i/s/6/80-tit-gym-1006-po2-bo-bg-tt-original-imafzf3qcc5yh3an.jpeg?q=70']",
"[{'Type': 'Round Neck'}, {'Sleeve': 'Half Sleeve'}, {'Fit': 'Regular'}, {'Fabric': 'Cotton Blend'}, {'Sales Package': '1'}, {'Pack of': '1'}, {'Style Code': '57782802'}, {'Neck Type': 'Round Neck'}, {'Ideal For': 'Men'}, {'Size': 'M'}, {'Pattern': 'Printed'}, {'Suitable For': 'Western Wear'}, {'Brand Fit': 'Regular'}, {'Reversible': 'No'}, {'Fabric Care': 'Machine wash as per tag'}, {'Model Name': 'SF Big Shield Tee'}, {'Brand Color': 'Black'}]",
"[{'Style Code': 'COOL-TS134_AML_XL'}, {'Closure': 'Elastic'}, {'Pockets': 'Side Pockets'}, {'Fly': 'Elastic'}, {'Fabric Care': 'Normal Wash At 40c, Do not dry clean Do not bleach, Do not iron, Drip dry in shade Wash in like colours .Wash inside out'}, {'Rise in inch': '34 inch'}, {'Hip in inch': '36 inch'}, {'Waist in inch': '34 inch'}, {'Sales Package': '1'}, {'Fabric': 'Cotton Blend'}, {'Pattern': 'Solid'}, {'Color': 'Grey'}, {'Generic Name': 'Track Pants'}, {'Country of Origin': 'India'}]",
"['https://rukminim1.flixcart.com/image/128/128/kjym9ow0/vest/p/d/p/85-tit-gym-1010-po3-bbm-tt-original-imafzf3ruhhtvzqt.jpeg?q=70', 'https://rukminim1.flixcart.com/image/128/128/kk1h5e80/vest/m/s/n/100-tit-gym-1010-po3-bbm-tt-original-imafzgyrtzzregx7.jpeg?q=70', 'https://rukminim1.flixcart.com/image/128/128/kjym9ow0/vest/r/1/d/85-tit-gym-1010-po3-grb-tt-original-imafzf3qngkfzw6z.jpeg?q=70', 'https://rukminim1.flixcart.com/image/128/128/kjym9ow0/vest/q/u/i/85-tit-gym-1010-po3-bbm-tt-original-imafzf3ruusjqhwm.jpeg?q=70', 'https://rukminim1.flixcart.com/image/128/128/kk1h5e80/vest/r/1/u/100-tit-gym-1010-po3-bbm-tt-original-imafzgyrqh8fvcff.jpeg?q=70']",
our love for the game only grows stronger. This one8 tee is the perfect one to sport while you cheer for Virat and team,
Enjoy,
BRFEP9YFZF3ZEBSY,
"[{'Style Code': 'TS134Black'}, {'Closure': 'Elastic'}, {'Pockets': 'Side Pockets'}, {'Fly': 'Elastic'}, {'Fabric Care': 'Normal Wash At 40c, Do not dry clean Do not bleach, Do not iron, Drip dry in shade Wash in like colours .Wash inside out'}, {'Rise in inch': '34 inch'}, {'Hip in inch': '36 inch'}, {'Waist in inch': '34 inch'}, {'Sales Package': '1Joggers'}, {'Fabric': 'Cotton Blend'}, {'Pattern': 'Solid'}, {'Color': 'Black'}, {'Generic Name': 'Track Pants'}, {'Country of Origin': 'India'}]",
GVEEG6CKFSF2Q5QC,
HKFFVM7SSEHQZYM3,
"[{'Fabric': 'Wool Blend'}, {'Color': 'Multicolor'}, {'Style Code': 'BEANIE-LIGHT GREY RING-PLAIN.P'}, {'Occasion': 'Casual'}, {'Generic Name': 'Caps'}, {'Country of Origin': 'India'}]",
TSHE6EVBY79JFHCG,
SWSEDQEA4SNZHCZ4,
GVEEG6CHAH6RFYH4,
"[{'Type': 'Polo Neck'}, {'Sleeve': 'Short Sleeve'}, {'Fit': 'Regular'}, {'Fabric': 'Cotton Blend'}, {'Sales Package': '1'}, {'Pack of': '1'}, {'Style Code': '57779004'}, {'Neck Type': 'Polo Neck'}, {'Ideal For': 'Men'}, {'Size': 'M'}, {'Pattern': 'Printed'}, {'Suitable For': 'Western Wear'}, {'Brand Fit': 'Regular Fit'}, {'Reversible': 'No'}, {'Fabric Care': 'Machine wash as per tag'}, {'Model Name': 'BMW MMS'}, {'Brand Color': 'Team Blue'}]",
TRKEPC7EX2KMYRZP,
"['https://rukminim1.flixcart.com/image/128/128/kjabs7k0-0/t-shirt/k/i/9/m-ts148-po5-mix1-tt-original-imafyvufcw2u3a8n.jpeg?q=70', 'https://rukminim1.flixcart.com/image/128/128/kjabs7k0-0/t-shirt/k/q/n/m-ts148-po5-mix1-tt-original-imafyvufqhygcfqx.jpeg?q=70', 'https://rukminim1.flixcart.com/image/128/128/kjabs7k0-0/t-shirt/6/x/s/m-ts148-po5-mix1-tt-original-imafyvuffmfkfvmd.jpeg?q=70', 'https://rukminim1.flixcart.com/image/128/128/kjabs7k0-0/t-shirt/2/a/p/xl-ts148-po2-blk-wht-tt-original-imafyvufvzzeeuqj.jpeg?q=70', 'https://rukminim1.flixcart.com/image/128/128/kjabs7k0-0/t-shirt/0/l/q/m-ts148-po5-mix1-tt-original-imafyvufckjts6sh.jpeg?q=70', 'https://rukminim1.flixcart.com/image/128/128/kjabs7k0-0/t-shirt/c/v/t/m-ts148-po5-mix1-tt-original-imafyvufezdz4eqd.jpeg?q=70']",
TKPFHUZ25CKBZBBE,
