_id,title,actual_price,selling_price,discount
86d0e25f-ddbe-5807-ac46-070ecd14db48,Printed Men Polo Neck Blue T-Shirt  (Pack of 3),5500.0,950.0,
57b8f120-68e2-57b4-a961-12cbef8974d0,"Printed, Striped Men Round Neck Blue T-Shirt",4999.0,800.0,
8ec86a28-1200-56c6-9dba-4c9e0f6d1fd9,Full Sleeve Solid Men Padded Jacket,4999.0,995.0,
619f5e66-c5be-50e0-8bf5-a78d44b9b394,Striped Men V Neck Multicolor T-Shirt,4200.0,799.0,
e8932882-c6ce-5f0d-b0ef-f330c5186e27,Solid Men Round Neck Light Blue T-Shirt  (Pack of 5),3995.0,799.0,"Refresh your wardrobe with the Premium Collection of Cotton Round Neck T-shirts from Scott International. These t-shirts are made of Pure Cotton and provide comfort all day. Melange Fabric, Elegant Stitching and finish, Soft Neck Tape, Comfort Fit makes this product an ideal daily wear and casual wear. Combine with Trousers or Denims for a cool Casual look. Combo pack is ideal value for money."
65b654a6-1a14-55c5-b497-56eff5d4066a,"Solid Men Round Neck Maroon, Blue, Light Blue, Dark Blue, Black T-Shirt  (Pack of 5)",3995.0,799.0,
9e466d9e-f3ef-5516-8f2e-3000b83b90bd,"Solid Men Round Neck Maroon, Blue, Light Blue, Dark Blue, Black T-Shirt  (Pack of 5)",3995.0,799.0,
e926483d-80d3-5c8d-86c5-76ae4b3781f6,Solid Men Round Neck Multicolor T-Shirt  (Pack of 5),3995.0,799.0,"Refresh your wardrobe with the Premium Collection of Cotton Round Neck T-shirts from Scott International. These t-shirts are made of Pure Cotton and provide comfort all day. Melange Fabric, Elegant Stitching and finish, Soft Neck Tape, Comfort Fit makes this product an ideal daily wear and casual wear. Combine with Trousers or Denims for a cool Casual look. Combo pack is ideal value for money."
96200b59-0dd7-5a0b-a4f0-b4de3314cb65,"Solid Men Round Neck Maroon, Blue, Light Blue, White, Grey T-Shirt  (Pack of 5)",3995.0,799.0,
0afbc1db-a5ad-5a21-8e18-a152f3b28c4c,Solid Men Round Neck Multicolor T-Shirt  (Pack of 5),3995.0,799.0,"Refresh your wardrobe with the Premium Collection of Cotton Round Neck T-shirts from Scott International. These t-shirts are made of Pure Cotton and provide comfort all day. Melange Fabric, Elegant Stitching and finish, Soft Neck Tape, Comfort Fit makes this product an ideal daily wear and casual wear. Combine with Trousers or Denims for a cool Casual look. Combo pack is ideal value for money."
