brand,Total_Revenue
K,14736.0
fas,1495.0
ECKO Unl,522840.0
ertugrul ghazi c,5519.0
SATDEVANGIKHADIBHAND,73026.0
Marca Disa,122597.0
Aeload,749.0
A J STYL,23512.0
Jagdish Garmen,10541.0
NEXXE,8328.0
Gracew,153270.0
Pramukhraj Enterpri,185.0
CupidSto,160296.0
Musk,276.0
ATTIITU,75466.0
The Dry Ca,14838.0
DISCOUNT OUTL,9538.0
Mylifestylebazz,798.0
BS S,769.0
Royalty Retail And Expo,6444.0
Man,2160.0
GLAUBEN PO,1895.0
EYETWIST,2457.0
style acco,3865.0
Vector,145229.0
LA SMI,234.0
U.S. POLO ASS,83391.0
She,349.0
Jack Roy,529.0
ANGI,280.0
Bone,47882.0
NEXT,1136.0
Shoef,218824.0
MARATH,1285.0
Fairdea,20707.0
Clo,13899.0
Fashion Dre,899.0
HUMBE,90989.0
IFG Collecti,799.0
Elegant Appar,2997.0
Crocks Cl,33433.0
ALQI,5138.0
V,60931.0
Maitri Enterpri,3143.0
Jai Textil,7875.0
NEBRAS,57011.0
Byford by Pantaloo,70960.0
Platin,1996.0
Breakboun,60905.0
Malt,636.0
LDHSA,109533.0
adidas Origina,74750.0
Bracev,198.0
Zack Fo,59177.0
East I,56978.0
ARBIA FUN,2198.0
U.S. Polo Ass,5230.0
Simon Rob,9265.0
TSHIRT.ind.,1325.0
ModeWa,69995.0
SUR,5592.0
US,660.0
Black Bull Design Stud,15074.0
Lafant,41282.0
Szto,26596.0
FancyW,8349.0
Mohr,7090.0
REEB,1074982.0
stockhawke,374.0
limited colou,17779.0
Disn,3088.0
Solid Styl,89038.0
Asa,57841.0
HaltonHil,18711.0
Jaso,440.0
your shopping sto,317.0
ZIP,8049.0
AXMA,63172.0
rockha,1222.0
VIRALEE RETA,11380.0
True Bl,65191.0
MagMatri,26248.0
R,4331.0
Pramukhraj enterpri,1136.0
G,35591.0
TEE BUD,113524.0
INSPI,5311.0
Och,220.0
Kno,173.0
MASH UNLIMIT,82522.0
SEVN,19212.0
Reliable Ca,1598.0
MODERN CR,2166.0
Scott Internation,104906.0
Cher,699.0
PEEP,898.0
VOXA,96679.0
Wildst,19545.0
CLOTH,10083.0
Steenb,68025.0
Lafabriquei,249.0
Lucky Bi,152857.0
Natali Trade,1496.0
Amp,234195.0
wangjia,289.0
Dudli,128246.0
Bindass Bo,22715.0
The Arch,1819.0
ShreeR,13326.0
Inspi,50507.0
Fa,135.0
FOREVER YOU,36841.0
RODRI,4087.0
Lev,83966.0
shiwam ethn,799.0
Fresh Fe,3571.0
York,16622.0
SMART ATTRACTI,1814.0
U.S.Polo As,20807.0
Wab,56140.0
INTER CREATI,11338.0
Mo,144914.0
Kt Kun,998.0
A to Z life sty,225.0
SayItLo,10548.0
KPS Clothi,28585.0
mark morp,8990.0
T10 Spor,92993.0
Uber Urb,267107.0
Modest Ci,183.0
ALMO,2766.0
Pu,470288.0
A2Z QUALITY GROU,5744.0
EverLa,999.0
Thug Li,1150.0
PixF,78340.0
discov,350.0
Purple Sta,34107.0
Sketch Vib,16506.0
Fuel Clothi,7383.0
GANTI,5967.0
Onei,28432.0
FABUNIFOR,2950.0
RELIEF ZO,27101.0
TOM BU,122670.0
TakeInCa,948.0
RED TI,499.0
Reen,1355.0
Black Beat,6045.0
Absolu,5075.0
SPANCA,654.0
Mountain colou,36904.0
Tees Collecti,19113.0
Pol,13771.0
M,4450.0
DiscountZila Fashi,9612.0
PROLI,15225.0
JACK AND HAR,114516.0
oysho,1179.0
GLO,15199.0
Neon Ro,203.0
dunam,2941.0
Naaz Collectio,2306.0
Fresh fo,503.0
prani,2927.0
C,299.0
J,2086.0
Cots,57974.0
SORA,21607.0
Free Authori,391553.0
Adam Park,82902.0
COOL CRU,778.0
Zen,199.0
Wet Off Ho,3359.0
A,106195.0
ATHL,83757.0
FLEXIM,112835.0
Truemo,3904.0
Bofri,890.0
Oka,159131.0
RodZ,30191.0
Keo,228403.0
Lucky Rog,6329.0
U.s.Polo Associati,23771.0
vims rai,2173.0
Urban D,15678.0
V3Squar,1339.0
TeeMoo,57542.0
COL,705.0
Divi Divi,699.0
saltla,1590.0
REEBOK CLASSI,176332.0
Footprin,15984.0
NEVER LO,6392.0
Veer,1227.0
Sharar,18164.0
PRANE,2695.0
RBSO,1283.0
Blue Sha,6459.0
NewJainTrade,374.0
SIYA SHOPIVA,425.0
Rose We,30803.0
Almo We,5602.0
M.R. FASHI,29759.0
allan pet,18102.0
ARBO,302345.0
dream o,23447.0
Sherr,62441.0
Mah,13947.0
YOGA,994.0
chawla fashi,78187.0
TRA,508.0
Bra,8786.0
CANTAB,103316.0
Welwe,11715.0
PD LEATH,804.0
Honey Badg,1497.0
VARTe,5931.0
yellowvib,2760.0
Fesn,4244.0
We,888.0
